group,category,side,n,rate_hz,whip_plausible,walk_L,walk_R,turn_L,turn_R,backward_L,backward_R,escape,groom,MN9,DNa01_L,DNa01_R,DNa02_L,DNa02_R,DNg100_L,DNg100_R,DNg97_L,DNg97_R,DNp09_L,DNp09_R,MDN_L,MDN_R,DNp01_L,DNp01_R,n_active,n_dn_10hz,persist_sps,runaway,hops_walk,hops_turn,hops_backward,hops_escape,hops_groom,hops_MN9,hops5_walk,hops5_turn,hops5_backward,hops5_escape,hops5_groom,hops5_MN9,top_dn,OA_mean,n_OA_10hz,top_oa
JO-A:left,mech_JO,left,48,200,1,0,0,0,0,0,0,0,0,0,0,0,0,0,0,0,0,0,0,0,0,0,0,0,20,3.0,0,0,2,2,2,1,2,3,3,2,3,2,3,4,DNg84_L:19;DNg15_R:19;DNg29_L:18;DNg24_L:4;DNg35_L:3;DNp02_L:2,0.00,0,
JO-A:right,mech_JO,right,51,200,1,0,0,0,0,0,0,28,0,0,0,0,0,0,0,0,0,0,0,0,0,0,0,55,65,10,0,0,2,2,2,1,2,2,2,2,2,1,3,4,DNg24_R:77;DNge130_R:59;DNg29_R:57;DNp01_R:55;DNp02_R:47;DNp55_R:38;DNg84_R:20;DNp35_R:13;DNg74_a_L:11;DNb06_R:11;DNp06_R:9;DNg108_R:8;DNp69_R:6;DNg74_a_R:3;DNp71_R:2;DNpe014_R:1,0.00,0,
JO-B:left,mech_JO,left,156,200,1,0,0,0,0,0,0,0,0,0,0,0,0,0,0,0,0,0,0,0,0,0,0,0,120,14,0,0,2,2,3,1,2,3,2,2,3,1,3,3,DNp12_L:95;DNb05_L:77;DNg56_L:59;DNg99_L:44;DNg56_R:43;DNg29_L:37;DNb06_L:25;DNp12_R:22;DNge145_L:16;DNp18_L:15;DNp06_L:15;DNg15_R:12;DNp31_L:10;DNpe017_L:5;DNge091_L:5;DNbe001_L:4;DNp11_L:3;DNp10_L:3;DNpe014_L:2;DNg35_L:1,0.00,0,
JO-B:right,mech_JO,right,103,200,1,0,0,0,0,0,0,24,0,0,0,0,0,0,0,0,0,0,0,0,0,0,0,48,124,16,0,0,2,2,3,1,2,3,2,2,3,1,3,3,DNg29_R:72;DNp11_R:55;DNp12_R:50;DNp73_R:49;DNp01_R:48;DNg99_R:47;DNp06_R:34;DNge113_R:32;DNge145_R:30;DNp103_R:28;DNb06_R:22;DNb05_R:19;DNpe014_R:18;DNg108_R:11;DNg108_L:10;DNg40_R:8;DNp40_R:5;DNg56_R:5;DNpe017_R:1;DNge141_R:1,0.00,0,
JO-CA:left,mech_JO,left,24,200,1,0,0,0,0,0,0,0,0,0,0,0,0,0,0,0,0,0,0,0,0,0,0,0,16,0.5,0,0,2,2,3,1,2,3,3,3,3,2,3,4,DNp18_L:10;DNb06_L:1,0.00,0,
JO-CA:right,mech_JO,right,12,200,1,0,0,0,0,0,0,0,0,0,0,0,0,0,0,0,0,0,0,0,0,0,0,0,9.0,1.0,0,0,3,2,3,1,3,3,3,3,3,2,3,4,DNp18_R:13,0.00,0,
JO-CL:left,mech_JO,left,14,200,1,0,0,0,0,0,0,0,0,0,0,0,0,0,0,0,0,0,0,0,0,0,0,0,14,3.0,0,0,2,2,3,2,3,3,3,2,3,2,4,4,DNp33_L:67;DNg99_L:33;DNp73_L:14;DNg29_L:3,0.00,0,
JO-CL:right,mech_JO,right,11,200,1,0,0,0,0,0,0,0,0,0,0,0,0,0,0,0,0,0,0,0,0,0,0,0,15,3.0,0,0,2,2,2,2,3,3,3,2,3,2,4,4,DNp73_R:40;DNp33_R:34;DNg51_R:6;DNg99_R:1,0.00,0,
JO-CM:left,mech_JO,left,18,200,1,0,0,0,0,0,0,0,0,0,0,0,0,0,0,0,0,0,0,0,0,0,0,0,3.0,0,0,0,2,2,2,2,2,3,3,3,3,3,3,4,DNg29_L:3,0.00,0,
JO-CM:right,mech_JO,right,17,200,1,0,0,0,0,0,0,0,0,0,0,0,0,0,0,0,0,0,0,0,0,0,0,0,32,5.0,0,0,2,2,2,2,2,2,3,2,3,3,3,4,DNp33_R:84;DNg29_R:75;DNg99_R:52;DNp18_R:22;DNpe017_R:7;DNg24_R:7;DNp73_R:3;DNge091_R:2,0.00,0,
JO-DA:left,mech_JO,left,17,200,1,0,0,0,0,0,0,0,0,0,0,0,0,0,0,0,0,0,0,0,0,0,0,0,0,0,0,0,2,2,3,1,2,3,3,3,3,3,4,4,,0.00,0,
JO-DA:right,mech_JO,right,15,200,1,0,0,0,0,0,0,0,0,0,0,0,0,0,0,0,0,0,0,0,0,0,0,0,3.5,0,0,0,2,2,3,1,3,3,3,3,3,2,4,4,,0.00,0,
JO-DP:left,mech_JO,left,11,200,1,0,0,0,0,0,0,0,0,0,0,0,0,0,0,0,0,0,0,0,0,0,0,0,2.5,1.0,0,0,3,3,3,2,2,3,4,3,4,3,4,5,DNg99_L:14,0.00,0,
JO-DP:right,mech_JO,right,10,200,1,0,0,0,0,0,0,0,0,0,0,0,0,0,0,0,0,0,0,0,0,0,0,0,0,0,0,0,2,3,3,2,3,3,-1,-1,-1,-1,-1,-1,,0.00,0,
JO-ED:left,mech_JO,left,53,200,1,1.0,0,0,0,0,0,0,0,0,0,0,0,0,0,0,3.0,0,0,0,0,0,0,0,170,25,0,0,2,2,2,2,2,3,3,2,3,2,3,4,DNbe001_L:76;DNge084_L:55;DNb05_L:46;DNp18_L:45;DNb06_L:41;DNp10_L:39;DNp12_L:38;DNge107_R:34;DNg07_L:31;DNg56_L:29;DNbe001_R:21;DNp41_R:20;DNpe027_R:17;DNg11_R:14;DNge091_L:10;DNg06_L:8;DNp22_L:7;DNge078_R:7;DNge016_L:7;DNpe017_L:4,0.00,0,
JO-ED:right,mech_JO,right,57,200,1,0,0,0,0,0,0,0,0,0,0,0,0,0,0,0,0,0,0,0,0,0,0,0,132,15,0,0,2,2,2,2,2,3,3,2,2,2,3,3,DNp19_R:83;DNb06_R:69;DNp18_R:47;DNpe017_R:39;DNbe001_R:39;DNp40_R:35;DNa10_R:31;DNa10_L:27;DNge107_L:24;DNae009_R:24;DNp73_L:15;DNp19_L:7;DNg07_R:6;DNge091_R:5;DNg11_L:5;DNp12_R:3;DNpe014_R:2;DNp20_R:2;DNge070_R:1,0.00,0,
JO-EV:left,mech_JO,left,120,200,1,0,0,0,0,0,0,0,0,0,0,0,0,0,0,0,0,0,0,0,0,0,0,0,286,26,0,0,2,2,2,2,2,2,2,2,3,2,3,4,DNp73_L:79;DNp18_L:47;DNg29_L:45;DNb06_L:44;DNbe001_L:40;DNg15_R:35;DNp12_L:34;DNp12_R:33;DNg84_L:30;DNg56_R:25;DNge091_L:23;DNge111_L:21;DNbe001_R:20;DNg35_L:19;DNp33_R:16;DNpe014_L:13;DNg56_L:13;DNge078_R:11;DNp10_L:10;DNg87_L:6,0.28,0,OA-AL2b2_R:4;OA-VUMa1_C:4
JO-EV:right,mech_JO,right,107,200,1,0,0,0,0,0,0,0,0,0,0,0,0,0,0,0,0,0,0,0,0,0,0,0,348,33,0,0,2,2,2,2,2,2,3,2,2,2,3,3,DNp73_R:92;DNb06_R:81;DNg29_R:79;DNp18_R:70;DNp40_R:64;DNpe014_R:62;DNpe017_R:59;DNge016_R:53;DNp12_R:51;DNge175_R:47;DNge111_R:34;DNge091_R:30;DNp12_L:28;DNp20_R:24;DNge070_R:24;DNbe001_R:20;DNge132_R:19;DNpe019_R:16;DNp51_R:15;DNp22_R:8,0.95,2.0,OA-VUMa1_C:12;OA-AL2b2_L:8;OA-AL2i3_L:6
JO-FD:left,mech_JO,left,18,200,1,0,0,0,0,0,0,0,0,0,0,0,0,0,0,0,0,0,0,0,0,0,0,0,36,7.0,0,0,2,2,2,2,2,3,3,3,3,3,2,3,DNg35_L:51;DNg29_L:21;DNge132_L:20;DNg84_L:20;DNge054_L:12;DNg15_R:12;DNge078_R:10;DNg87_L:8;DNg62_R:6;DNpe002_L:1;DNge011_L:1,0.00,0,
JO-FD:right,mech_JO,right,14,200,1,0,0,0,0,0,0,0,0,0,0,0,0,0,0,0,0,0,0,0,0,0,0,0,18,2.0,0,0,2,2,2,2,2,2,3,3,2,3,2,3,DNg29_R:45;DNg35_R:16;DNge132_R:2,0.00,0,
JO-FV:left,mech_JO,left,86,200,1,0,0,0,0,0,0,0,0,0,0,0,0,0,0,0,0,0,0,0,0,0,0,0,52,12,0,0,2,2,2,2,2,2,2,2,3,3,2,3,DNg84_L:97;DNg35_L:81;DNg57_L:57;DNge054_L:45;DNge011_L:39;DNpe002_L:38;DNge037_L:34;DNg20_L:27;DNge104_R:18;DNae007_L:17;DNge041_L:13;DNg59_L:10;DNg15_R:5;DNge049_R:2;DNge049_L:2;DNg29_L:2,0.00,0,
JO-FV:right,mech_JO,right,80,200,1,0,0,0,0,0,0,0,0,0,0,0,0,0,0,0,0,0,0,0,0,0,0,0,28,6.0,0,0,2,2,2,2,2,2,3,3,2,3,2,3,DNg35_R:61;DNg29_R:37;DNg57_R:30;DNg84_R:26;DNpe002_R:16;DNge037_R:16;DNp55_R:6;DNge011_R:3;DNg15_L:2,0.00,0,
JO-other:left,mech_JO,left,17,200,1,5.3,0,0,3.5,0,0,0,0,0,0,0,0,7.0,0,0,16,0,0,0,0,0,0,0,96,12,0,0,2,2,2,2,2,2,3,3,3,2,3,4,DNg84_L:57;DNg29_L:51;DNg15_R:51;DNge054_L:39;DNg35_L:34;DNp33_L:30;DNg97_L:16;DNg13_R:16;DNpe002_L:14;DNb05_L:11;DNbe007_L:9;DNg51_L:8;DNg75_R:7;DNa11_R:7;DNa06_R:7;DNa02_R:7;DNp56_L:6;DNge037_L:6;DNge033_R:5;DNge006_R:3,0.00,0,
JO-other:right,mech_JO,right,33,200,1,0,0,0,0,0,0,0,0,0,0,0,0,0,0,0,0,0,0,0,0,0,0,0,146,8.0,0,0,2,2,2,2,2,2,3,2,3,2,3,4,DNp33_R:84;DNg99_R:63;DNg29_R:57;DNg51_R:48;DNg24_R:28;DNp15_R:22;DNg84_R:7;DNb06_R:5;DNpe056_R:4;DNp34_L:4;DNa16_R:4;DNg41_R:3;DNge091_R:2;DNpe014_R:2;DNge054_R:2;DNg15_L:2;DNp35_L:1;DNa11_L:1,0.88,2.0,OA-AL2b2_R:10;OA-VUMa1_C:10;OA-AL2i3_R:2
JO-C(all):left,mech_JO,left,56,200,1,0,0,0,0,0,0,0,0,0,0,0,0,0,0,0,0,0,0,0,0,0,0,0,48,4.0,0,0,2,2,2,1,2,3,3,2,3,2,3,4,DNp33_L:70;DNg99_L:40;DNg29_L:40;DNp73_L:26;DNg84_L:6;DNg15_R:6,0.00,0,
JO-C(all):right,mech_JO,right,40,200,1,0,0,0,0,0,0,0,0,0,0,0,0,0,0,0,0,0,0,0,0,0,0,0,80,5.0,0,0,2,2,2,1,2,2,3,2,3,2,3,4,DNp33_R:104;DNg29_R:79;DNg99_R:67;DNp73_R:48;DNp15_R:6;DNg51_R:4;DNge091_R:4;DNa11_L:4;DNpe017_R:1;DNp18_R:1;DNg24_R:1,0.09,0,OA-AL2b2_R:2;OA-VUMa1_C:2
JO-D(all):left,mech_JO,left,28,200,1,0,0,0,0,0,0,0,0,0,0,0,0,0,0,0,0,0,0,0,0,0,0,0,2.5,0.5,0,0,2,2,3,1,2,3,3,3,3,3,4,4,DNg99_L:12,0.00,0,
JO-D(all):right,mech_JO,right,25,200,1,0,0,0,0,0,0,0,0,0,0,0,0,0,0,0,0,0,0,0,0,0,0,0,4.5,0,0,0,2,2,3,1,3,3,3,3,3,2,4,4,,0.00,0,
JO-E(all):left,mech_JO,left,173,200,1,4.7,0,0,0,0,0,0,0,0,0,0,0,0,0,0,14,0,0,0,0,0,0,0,424,52,0,0,2,2,2,2,2,2,2,2,3,2,3,4,DNbe001_L:107;DNp18_L:87;DNp12_L:77;DNp10_L:68;DNb06_L:66;DNg56_L:52;DNge084_L:49;DNbe001_R:49;DNp12_R:44;DNge107_R:42;DNg35_L:37;DNge078_R:36;DNg56_R:36;DNg87_L:35;DNg62_R:35;DNb05_L:31;DNge111_L:29;DNge132_L:28;DNp41_R:28;DNg84_L:14,0.72,0,OA-AL2b2_R:8;OA-VUMa1_C:8;OA-AL2i3_R:4
JO-E(all):right,mech_JO,right,164,200,1,0,0,0,1.5,0,0,0,0,0,0,1.0,0,2.0,0,0,0,0,0,0,0,0,0,0,458,44,0,0,2,2,2,2,2,2,3,2,2,2,3,3,DNp18_R:99;DNb06_R:82;DNp19_R:81;DNpe017_R:69;DNg29_R:69;DNp40_R:65;DNp73_R:63;DNp12_R:55;DNge016_R:53;DNbe001_R:49;DNge175_R:46;DNge132_R:36;DNge091_R:31;DNge111_R:30;DNge043_R:29;DNa10_R:29;DNp20_R:28;DNge070_R:28;DNp12_L:27;DNpe014_R:16,1.70,5.0,OA-VUMa1_C:14;OA-AL2b2_L:14;OA-AL2i3_L:12
JO-F(all):left,mech_JO,left,104,200,1,0,0,0,0,0,0,0,0,0,0,0,0,0,0,0,0,0,0,0,0,0,0,0,71,13,0,0,2,2,2,2,2,2,2,2,3,3,2,3,DNg84_L:106;DNg35_L:91;DNg57_L:58;DNge054_L:48;DNge011_L:45;DNpe002_L:41;DNge037_L:38;DNg29_L:35;DNg20_L:29;DNge104_R:23;DNae007_L:20;DNge041_L:19;DNg59_L:10;DNg15_R:10;DNge049_L:3;DNge049_R:2;DNge037_R:1,0.00,0,
JO-F(all):right,mech_JO,right,94,200,1,0,0,0,0,0,0,0,0,0,0,0,0,0,0,0,0,0,0,0,0,0,0,0,40,6.0,0,0,2,2,2,2,2,2,3,3,2,3,2,3,DNg35_R:75;DNg29_R:60;DNg84_R:38;DNg57_R:34;DNpe002_R:18;DNge037_R:18;DNge011_R:5;DNg15_L:2;DNp55_R:1,0.00,0,
JO_wind_gravity:left,mech_JO,left,249,200,1,6.0,0,0,0,0,0,0,0,0,0,0,0,0,0,0,18,0,0,0,0,0,0,0,454,53,0,0,2,2,2,1,2,2,2,2,3,2,3,4,DNbe001_L:106;DNp18_L:94;DNp12_L:73;DNp10_L:68;DNg29_L:57;DNge084_L:55;DNg56_L:55;DNb06_L:55;DNbe001_R:49;DNge107_R:47;DNg35_L:46;DNp12_R:44;DNg62_R:40;DNge078_R:39;DNg87_L:39;DNg84_L:39;DNb05_L:37;DNg07_L:33;DNp41_R:31;DNg56_R:18,0.49,0,OA-AL2b2_R:6;OA-VUMa1_C:6;OA-AL2i3_R:2
JO_wind_gravity:right,mech_JO,right,232,200,1,0,0,0,0.5,0,0,0,0,0,0,0,0,1.0,0,0,0,0,0,0,0,0,0,0,377,36,0,0,2,2,2,1,2,2,3,2,2,2,3,3,DNg29_R:100;DNp18_R:94;DNp73_R:90;DNp19_R:83;DNb06_R:77;DNpe017_R:76;DNp40_R:60;DNge016_R:52;DNbe001_R:39;DNge132_R:37;DNp12_R:35;DNge175_R:35;DNge107_L:29;DNge043_R:27;DNa10_R:26;DNa10_L:26;DNge091_R:26;DNpe014_R:24;DNp19_L:13;DNge111_R:12,0.33,0.5,OA-VUMa1_C:10;OA-AL2b2_L:2
JO_auditory:left,mech_JO,left,212,200,1,1.0,0,0,0,0,0,0,0,0,0,0,0,0,0,0,3.0,0,0,0,0,0,0,0,156,19,0,0,2,2,2,1,2,3,2,2,3,1,3,3,DNp12_L:92;DNb05_L:81;DNg56_L:58;DNg56_R:39;DNg29_L:38;DNb06_L:37;DNg15_R:34;DNp18_L:33;DNg99_L:27;DNg35_L:21;DNge145_L:20;DNp12_R:20;DNg84_L:19;DNbe001_L:13;DNpe017_L:12;DNge054_L:11;DNpe014_L:8;DNg40_L:8;DNp31_L:7;DNge091_L:4,0.00,0,
JO_auditory:right,mech_JO,right,175,200,1,0,0,4.0,0,0,0,42,0,0,7.0,0,1.0,0,0,0,0,0,0,0,0,0,0,85,223,27,0,0,2,2,2,1,2,2,2,2,2,1,3,3,DNg29_R:99;DNp01_R:85;DNg24_R:85;DNp11_R:54;DNp02_R:53;DNge130_R:49;DNb06_R:47;DNge113_R:36;DNp55_R:33;DNp103_R:33;DNp06_R:33;DNg84_R:33;DNg40_R:31;DNpe014_R:26;DNge145_R:26;DNp35_R:18;DNp40_R:16;DNge054_R:15;DNp73_R:12;DNp69_R:7,0.00,0,
JO_grooming:left,mech_JO,left,99,200,1,0,0,0.5,0,0,0,0,0,0,0,0,1.0,0,0,0,0,0,0,0,0,0,0,0,70,13,0,0,2,2,2,2,2,2,2,2,3,3,2,3,DNg84_L:105;DNg35_L:93;DNg57_L:59;DNge054_L:49;DNge011_L:45;DNpe002_L:41;DNge037_L:34;DNg20_L:28;DNge104_R:22;DNae007_L:18;DNge041_L:14;DNg29_L:14;DNg59_L:10;DNg15_R:8;DNge049_L:4;DNge049_R:3;DNg39_L:2;DNa02_L:1,0.00,0,
JO_grooming:right,mech_JO,right,88,200,1,0,0,0,0,0,0,0,0,0,0,0,0,0,0,0,0,0,0,0,0,0,0,0,36,6.0,0,0,2,2,2,2,2,2,3,3,2,3,2,3,DNg35_R:72;DNg29_R:43;DNg84_R:39;DNg57_R:35;DNpe002_R:20;DNge037_R:20;DNge011_R:8;DNp55_R:2;DNg15_L:2,0.00,0,
JO_all:left,mech_JO,left,582,200,1,19,0.3,3.0,24,0,0,0,0,0,0,18,6.0,31,1.0,1.0,55,0,0,0,0,0,0,0,661,78,0,0,2,2,2,1,2,2,2,2,3,1,2,3,DNg29_L:154;DNg84_L:129;DNg35_L:109;DNb05_L:103;DNbe001_L:102;DNp12_L:100;DNp18_L:95;DNge054_L:85;DNg15_R:74;DNg56_L:72;DNg57_L:67;DNp10_L:66;DNge011_L:66;DNb06_L:59;DNg56_R:57;DNg97_L:55;DNge084_L:50;DNp12_R:49;DNpe002_L:47;DNge107_R:23,0.00,0,
JO_all:right,mech_JO,right,510,200,1,0,1.0,7.0,0,0,0,32,0,0,9.0,0,5.0,0,0,0,0,3.0,0,0,0,0,0,65,576,52,0,0,2,2,2,1,2,2,2,2,2,1,2,3,DNg29_R:178;DNp73_R:103;DNp19_R:87;DNg24_R:85;DNb06_R:85;DNp18_R:84;DNpe017_R:76;DNg35_R:72;DNp33_R:71;DNp01_R:65;DNge016_R:62;DNg84_R:62;DNp12_R:59;DNp40_R:57;DNg99_R:51;DNp11_R:46;DNge130_R:46;DNge175_R:41;DNge111_R:40;DNg57_R:40,0.53,2.0,OA-VUMa1_C:12
head_bristle:left,mech_bristle,left,150,200,1,0,0,9.5,8.5,0,0,0,5.1,0,0,17,19,0,0,0,0,0,0,0,0,0,0,0,763,145,1870,0,2,2,2,2,1,1,2,2,2,2,1,2,DNg48_R:234;DNg85_L:232;DNge036_L:231;DNg15_R:226;DNg35_L:217;DNg84_L:215;DNg37_R:203;DNge132_L:199;DNge067_L:183;DNge056_R:166;DNge065_L:165;DNge104_R:156;DNg57_L:156;DNg59_L:150;DNge100_L:149;DNg87_L:142;DNge121_L:133;DNge057_R:133;DNg15_L:70;DNge133_L:67,4.49,10,OA-AL2i1_R:26;OA-AL2b2_L:26;OA-AL2i3_L:26;OA-AL2i1_L:24
head_bristle:right,mech_bristle,right,155,200,1,0,0,0,3.0,0,0,0,1.1,0,0,0,0,6.0,0,0,0,0,0,0,0,0,0,0,530,92,0,0,2,2,2,2,1,2,2,2,2,2,2,2,DNg35_R:211;DNg84_R:199;DNg15_L:196;DNge132_R:186;DNg85_R:163;DNg48_L:163;DNg15_R:158;DNge122_L:149;DNg81_L:142;DNg87_R:141;DNg57_R:133;DNg59_R:128;DNge054_R:126;DNge104_L:125;DNge036_R:119;DNge041_R:113;DNge067_R:111;DNge065_R:109;DNg84_L:109;DNge122_R:106,0.23,0,OA-AL2i1_R:6;OA-VUMa1_C:4
eye_bristle:left,mech_bristle,left,555,200,1,1.7,0,0,0,0,0,0,5.1,0,0,0,0,0,0,0,5.0,0,0,0,0,0,0,0,364,72,0,0,2,2,2,2,1,2,3,3,3,3,2,3,DNg84_L:232;DNg35_L:203;DNge132_L:201;DNg87_L:182;DNge104_R:154;DNg85_L:141;DNge054_L:137;DNg81_R:129;DNge122_R:124;DNg15_R:123;DNge011_L:117;DNde006_L:116;DNge067_L:114;DNg48_R:111;DNg62_R:110;DNge133_L:96;DNge039_L:94;DNge105_L:92;DNg83_L:91;DNg57_L:87,0.02,0,OA-AL2b2_L:2
eye_bristle:right,mech_bristle,right,557,200,1,0,0,0,0,0,1.0,0,3.2,0,0,0,0,0,0,0,0,0,0,0,0,1.0,0,0,407,66,0,0,2,2,2,2,1,2,3,3,2,3,2,3,DNg84_R:222;DNg35_R:201;DNge132_R:192;DNg87_R:178;DNge104_L:145;DNge122_L:137;DNg85_R:132;DNg81_L:129;DNge011_R:126;DNge054_R:125;DNge067_R:116;DNg48_L:103;DNg62_L:100;DNge121_R:90;DNge122_R:88;DNde006_R:88;DNg83_R:87;DNg58_R:86;DNge124_R:83;DNge105_R:83,0.30,0,OA-AL2b2_R:8;OA-VUMa1_C:4;OA-AL2i3_R:2
BM_Ant:left,mech_bristle,left,20,200,1,0.3,0,3.0,0.5,0,0,0,0,0,0,1.0,6.0,0,0,0,1.0,0,0,0,0,0,0,0,188,42,0,0,2,2,2,2,2,2,2,2,2,3,2,3,DNg15_R:130;DNg35_L:128;DNg84_L:117;DNg35_R:92;DNg15_L:78;DNge054_L:76;DNg57_L:69;DNg87_R:68;DNg84_R:67;DNge008_L:64;DNge133_L:60;DNg81_L:60;DNpe002_L:55;DNge041_L:53;DNge037_L:53;DNge065_L:52;DNae007_L:51;DNg81_R:48;DNge104_R:39;DNge012_R:19,0.00,0,
BM_Ant:right,mech_bristle,right,21,200,1,0.7,0,0.5,22,0,0,0,0,0,0,17,1.0,26,0,0,2.0,0,0,0,0,0,0,0,214,40,0,0,2,2,2,2,2,2,2,2,2,3,2,3,DNg35_R:126;DNg15_L:119;DNg84_R:110;DNg15_R:105;DNg84_L:87;DNge041_R:68;DNg81_L:62;DNg57_R:62;DNge054_R:60;DNge012_R:59;DNge008_R:58;DNge065_L:54;DNge037_L:48;DNge037_R:46;DNg35_L:44;DNae007_R:44;DNpe002_R:38;DNg88_R:38;DNg57_L:38;DNge104_L:34,0.00,0,
BM_Fr:left,mech_bristle,left,6,200,1,0,0,0,0,0,0,0,0,0,0,0,0,0,0,0,0,0,0,0,0,0,0,0,68,13,0,0,2,2,2,2,2,2,3,2,2,3,2,3,DNg35_L:74;DNg84_L:68;DNg59_L:56;DNge054_L:53;DNg15_R:53;DNge133_L:31;DNp55_L:27;DNp13_L:24;DNg81_R:19;DNg87_L:16;DNge132_L:15;DNg35_R:12;DNp55_R:10;DNg84_R:10;DNpe056_L:6;DNg39_L:3;DNge122_R:2;DNg81_L:2;DNge104_R:1;DNg57_L:1,0.00,0,
BM_Fr:right,mech_bristle,right,7,200,1,0,0,5.0,0,0,0,0,0,0,0,0,10,0,0,0,0,0,0,0,0,0,0,0,86,20,0,0,2,2,2,2,2,2,3,2,2,3,2,3,DNg35_R:68;DNg84_R:65;DNge054_R:56;DNg15_R:36;DNg15_L:31;DNp55_R:29;DNge122_L:25;DNge132_R:21;DNp13_R:18;DNg35_L:17;DNg84_L:16;DNge133_R:14;DNg81_L:12;DNpe056_R:10;DNg59_R:10;DNa16_L:10;DNa15_L:10;DNg87_R:9;DNp34_L:6;DNge054_L:5,0.00,0,
BM_FrOr:left,mech_bristle,left,6,200,1,0,0,0,0,0,0,0,0,0,0,0,0,0,0,0,0,0,0,0,0,0,0,0,46,6.5,0,0,2,2,2,2,2,2,3,3,3,3,2,3,DNg35_L:89;DNg84_L:82;DNge054_L:41;DNg15_R:38;DNge132_L:29;DNg81_R:23;DNp55_L:8;DNge122_R:8;DNp13_L:6,0.00,0,
BM_FrOr:right,mech_bristle,right,7,200,1,0,0,2.5,0,0,0,0,0,0,0,0,5.0,0,0,0,0,0,0,0,0,0,0,0,73,8.0,0,0,2,2,2,2,2,2,3,2,2,3,2,3,DNg35_R:70;DNg84_R:56;DNp55_R:25;DNg81_L:22;DNg20_L:20;DNg59_R:17;DNge012_R:16;DNge054_R:14;DNge078_L:8;DNg20_R:7;DNp13_R:6;DNae002_L:5;DNa16_L:5;DNa15_L:5;DNa03_L:5;DNa02_L:5;DNge132_R:3;DNpe056_R:2;DNp34_L:2;DNge104_L:2,0.00,0,
BM_Hau:left,mech_bristle,left,5,200,1,0.3,0.3,0,3.5,0,0,0,0,0,0,0,0,7.0,1.0,1.0,0,0,0,0,0,0,0,0,152,40,0,0,2,2,2,3,2,2,3,2,3,3,2,2,DNge067_L:113;DNge100_L:104;DNg31_R:104;DNge067_R:77;DNg85_L:76;DNg96_R:73;DNg48_R:63;DNg16_R:63;DNge040_R:57;DNg75_R:55;DNg16_L:50;DNge036_L:49;DNge100_R:44;DNg31_L:43;DNg23_L:42;DNge056_R:35;DNge046_R:34;DNge125_R:34;DNg61_L:33;DNge046_L:32,0.00,0,
BM_Hau:right,mech_bristle,right,5,200,1,0,0,0,0,0,0,0,0,0,0,0,0,0,0,0,0,0,0,0,0,0,0,0,38,9.0,0,0,2,2,2,3,2,2,3,2,3,3,2,2,DNge067_R:60;DNge100_R:28;DNg96_L:28;DNg48_L:28;DNg31_L:28;DNg85_R:26;DNg61_R:13;DNge067_L:11;DNge037_R:9;DNge036_R:9;DNp55_R:8;DNge056_L:8;DNge037_L:5;DNg16_R:3;DNg16_L:3;DNge125_L:2;DNge040_L:2;DNge100_L:1;DNge055_R:1;DNge040_R:1,0.00,0,
BM_InOc:left,mech_bristle,left,3,200,1,0,0,0,0,0,0,0,0,0,0,0,0,0,0,0,0,0,0,0,0,0,0,0,32,4.0,0,0,2,2,2,2,2,2,3,3,3,3,2,3,DNg84_L:31;DNg35_L:24;DNge132_L:17;DNge122_L:16;DNp55_L:5;DNp13_L:3;DNg84_R:2;DNge122_R:1;DNg35_R:1,0.00,0,
BM_InOc:right,mech_bristle,right,3,200,1,0,0,0,0,0,0,0,0,0,0,0,0,0,0,0,0,0,0,0,0,0,0,0,20,3.5,0,0,2,2,2,2,2,2,3,3,2,3,2,3,DNg84_R:18;DNge122_L:15;DNg84_L:9;DNg35_L:9;DNge132_R:7;DNg35_R:4;DNge122_R:2,0.00,0,
BM_InOm:left,mech_bristle,left,555,200,1,0.3,0,0,0,0,0,0,5.0,0,0,0,0,0,0,0,1.0,0,0,0,0,0,0,0,374,74,0,0,2,2,2,2,1,2,3,3,3,3,2,3,DNg84_L:233;DNg35_L:203;DNge132_L:198;DNg87_L:184;DNge104_R:153;DNg85_L:142;DNge054_L:134;DNg81_R:127;DNge122_R:124;DNg15_R:120;DNde006_L:117;DNge011_L:116;DNge067_L:115;DNg48_R:111;DNg62_R:110;DNge039_L:95;DNge133_L:94;DNge105_L:91;DNg83_L:91;DNg57_L:87,0.12,0,OA-AL2b2_L:2;OA-AL2i3_L:2
BM_InOm:right,mech_bristle,right,558,200,1,0,1.0,0,0,0,0,0,3.2,0,0,0,0,0,0,0,0,3.0,0,0,0,0,0,0,416,64,0,0,2,2,2,2,1,2,3,3,2,3,2,3,DNg84_R:220;DNg35_R:202;DNge132_R:194;DNg87_R:179;DNge104_L:146;DNge122_L:137;DNg85_R:132;DNg81_L:127;DNge011_R:126;DNge054_R:124;DNge067_R:117;DNg48_L:103;DNg62_L:97;DNge121_R:91;DNg83_R:89;DNde006_R:89;DNge122_R:88;DNge124_R:86;DNg58_R:86;DNge105_R:84,0.26,0.5,OA-AL2b2_R:10;OA-VUMa1_C:2;OA-AL2i3_R:2
BM_MaPa:left,mech_bristle,left,14,200,1,0,0,0,3.5,0,0,0,0,0,0,0,0,7.0,0,0,0,0,0,0,0,0,0,0,120,32,0,0,2,2,2,3,1,2,3,2,3,3,2,3,DNg48_R:114;DNg57_L:94;DNge104_R:78;DNge100_L:73;DNg31_R:73;DNg85_L:62;DNge056_R:61;DNg96_R:59;DNge121_L:58;DNge036_L:48;DNg75_R:48;DNge040_R:46;DNge037_R:44;DNge121_R:41;DNge065_L:40;DNge037_L:37;DNg84_L:37;DNp13_L:36;DNge132_L:34;DNge056_L:16,0.00,0,
BM_MaPa:right,mech_bristle,right,10,200,1,0,0,0,0,0,0,0,0,0,0,0,0,0,0,0,0,0,0,0,0,0,0,0,18,4.5,0,0,2,2,2,3,2,2,3,2,2,3,2,3,DNg48_L:55;DNp55_R:38;DNg57_R:29;DNge056_L:14;DNge104_L:9;DNge037_R:6;DNp13_R:4;DNg85_R:2,0.00,0,
BM_Or:left,mech_bristle,left,3,200,1,0,0,4.5,0,0,0,0,0,0,0,0,9.0,0,0,0,0,0,0,0,0,0,0,0,72,10,0,0,2,2,2,2,2,2,2,2,2,3,2,3,DNg35_L:85;DNg84_L:67;DNge122_R:47;DNge132_L:46;DNge054_L:33;DNg81_R:29;DNge122_L:27;DNg15_R:21;DNg20_L:19;DNa02_L:9;DNae007_L:8;DNde006_L:6;DNg35_R:4;DNa03_L:4;DNae002_L:3;DNa16_L:3;DNa15_L:3;DNa13_L:3;DNa11_L:3;DNa06_L:3,0.00,0,
BM_Or:right,mech_bristle,right,3,200,1,0,0,0,0,0,0,0,0,0,0,0,0,0,0,0,0,0,0,0,0,0,0,0,46,9.0,0,0,2,2,2,2,1,2,3,2,2,3,2,3,DNg35_R:75;DNg84_R:63;DNge122_L:60;DNge132_R:51;DNg81_L:40;DNge122_R:30;DNge054_R:29;DNg20_R:25;DNg15_L:16;DNp71_R:1;DNge124_R:1,0.00,0,
BM_Taste:left,mech_bristle,left,35,200,1,0,0,0,0,0,0,0,0.0,0,0,0,0,0,0,0,0,0,0,0,0,0,0,0,271,60,0,0,2,2,2,3,2,1,2,2,3,3,2,2,DNge036_L:228;DNg37_R:187;DNg85_L:186;DNg48_R:180;DNge067_L:148;DNg15_R:132;DNge057_R:127;DNg35_L:126;DNge065_L:115;DNge055_L:115;DNge055_R:113;DNg37_L:103;DNg23_L:100;DNge056_R:99;DNge002_L:98;DNg54_L:98;DNg54_R:96;DNg61_L:90;DNge037_R:88;DNge100_L:87,0.00,0,
BM_Taste:right,mech_bristle,right,37,200,1,0,0,2.5,0,0,0,0,0,0,0,0,5.0,0,0,0,0,0,0,0,0,0,0,0,124,20,0,0,2,2,2,3,2,2,3,2,2,3,2,2,DNge036_R:99;DNg85_R:89;DNg48_L:83;DNg37_L:64;DNge067_R:60;DNg15_L:53;DNge037_R:44;DNge037_L:40;DNp55_R:37;DNge065_R:37;DNge055_L:37;DNg35_R:31;DNge055_R:27;DNp13_R:21;DNge057_L:21;DNge132_R:16;DNpe056_R:12;DNp34_L:12;DNg39_R:11;DNg61_R:10,0.00,0,
BM_Vib:left,mech_bristle,left,18,200,1,1.0,0,0,4.0,0,0,0,0,3.0,0,7.0,0,1.0,0,0,3.0,0,0,0,0,0,0,0,251,48,0,0,2,2,2,2,1,2,2,2,2,3,2,2,DNg84_L:132;DNg85_L:128;DNg15_R:125;DNge065_L:105;DNg37_R:105;DNge128_L:101;DNge037_L:100;DNg57_L:93;DNge056_R:90;DNge104_R:81;DNge041_L:75;DNg59_L:74;DNg48_R:73;DNge065_R:69;DNg15_L:65;DNg81_R:59;DNge132_L:55;DNg81_L:49;DNpe002_L:22;DNge133_L:22,0.00,0,
BM_Vib:right,mech_bristle,right,19,200,1,0.3,1.0,4.0,0,0,0,0,0,0,0,0,8.0,0,0,0,1.0,3.0,0,0,0,0,0,0,194,34,0,0,2,2,2,2,2,2,3,2,2,3,2,2,DNg85_R:114;DNg84_R:101;DNge065_R:85;DNg57_R:82;DNg15_L:81;DNg15_R:78;DNge128_R:67;DNge041_R:64;DNg37_L:62;DNge037_R:58;DNge104_L:53;DNge065_L:52;DNg59_R:47;DNg81_L:45;DNge056_L:43;DNg48_L:37;DNge128_L:36;DNg59_L:26;DNge011_R:11;DNg85_L:11,0.00,0,
BM_Vt_PoOc:left,mech_bristle,left,5,200,1,0,0,0,0,0,0,0,0,0,0,0,0,0,0,0,0,0,0,0,0,0,0,0,48,8.5,0,0,2,2,2,2,1,2,3,2,2,3,2,3,DNg35_L:93;DNge132_L:58;DNge122_L:53;DNg84_L:51;DNge122_R:47;DNg35_R:19;DNg15_R:13;DNg81_R:11;DNge044_L:10;DNp55_L:7;DNde006_L:2;DNg84_R:1,0.00,0,
BM_Vt_PoOc:right,mech_bristle,right,5,200,1,0,0,3.5,0,0,0,0,0,0,0,0,7.0,0,0,0,0,0,0,0,0,0,0,0,92,9.5,0,0,2,2,2,2,2,2,3,3,2,3,2,3,DNg35_R:119;DNge132_R:84;DNge122_L:81;DNg84_R:79;DNge122_R:48;DNg15_L:37;DNg81_L:27;DNge044_R:18;DNp55_R:17;DNg35_L:11;DNa16_L:7;DNa15_L:7;DNa03_L:7;DNa02_L:7;DNae002_L:6;DNge067_R:4;DNp13_R:3;DNge012_R:3;DNge124_R:2;DNpe056_R:1,0.00,0,
BM_dOcci:left,mech_bristle,left,3,200,1,0,0,0,0,0,0,0,0,0,0,0,0,0,0,0,0,0,0,0,0,0,0,0,6.0,1.0,0,0,2,3,2,3,1,2,3,3,3,4,1,3,DNg59_L:40;DNg59_R:4,0.00,0,
BM_dOcci:right,mech_bristle,right,3,200,1,0,0,0,0,0,0,0,0,0,0,0,0,0,0,0,0,0,0,0,0,0,0,0,6.0,1.0,0,0,2,3,2,3,1,2,3,3,2,4,2,3,DNg59_R:46,0.00,0,
BM_dPoOr:left,mech_bristle,left,4,200,1,0,0,0,0,0,0,0,0,0,0,0,0,0,0,0,0,0,0,0,0,0,0,0,15,3.0,0,0,2,2,2,3,1,2,3,3,3,3,2,3,DNg35_L:58;DNge132_L:40;DNge121_L:17;DNp55_L:1;DNg84_L:1,0.00,0,
BM_dPoOr:right,mech_bristle,right,8,200,1,0,0,4.0,0,0,0,0,0,0,0,0,8.0,0,0,0,0,0,0,0,0,0,0,0,70,10,0,0,2,3,2,3,1,2,3,3,2,3,2,3,DNg35_R:78;DNge132_R:67;DNp55_R:41;DNp13_R:25;DNpe056_R:15;DNp34_L:15;DNg87_R:12;DNg84_R:11;DNa16_L:8;DNa15_L:8;DNa03_L:8;DNa02_L:8;DNae002_L:7;DNge121_R:3,0.00,0,
BM_vOcci_vPoOr:left,mech_bristle,left,27,200,1,0,0,0,0,0,0,0,1.4,0,0,0,0,0,0,0,0,0,0,0,0,0,0,0,106,32,0,0,2,2,2,2,1,2,3,2,3,3,2,3,DNg48_R:111;DNge132_L:71;DNg59_L:60;DNg85_L:51;DNg83_R:51;DNg35_L:51;DNge104_R:50;DNge056_R:42;DNge037_L:38;DNge036_L:38;DNg83_L:38;DNg59_R:38;DNge037_R:36;DNp13_L:35;DNp55_L:31;DNge121_L:29;DNge067_L:22;DNge027_R:21;DNge025_L:11;DNg84_L:10,0.00,0,
BM_vOcci_vPoOr:right,mech_bristle,right,25,200,1,0,0,1.0,0,0,0,0,0.7,0,0,0,2.0,0,0,0,0,0,0,0,0,0,0,0,91,18,0,0,2,2,2,3,1,2,2,2,2,3,2,3,DNg48_L:109;DNg59_R:70;DNge132_R:67;DNp55_R:43;DNg85_R:43;DNp13_R:34;DNg84_R:31;DNg59_L:28;DNg87_R:23;DNg83_R:21;DNpe056_R:20;DNp34_L:20;DNge104_L:19;DNge067_R:19;DNg83_L:15;DNa16_L:9;DNa15_L:9;DNa03_L:9;DNg12_e_R:7;DNge124_R:7,0.00,0,
BM_all:left,mech_bristle,left,705,200,1,0,0,13,1.0,0,0,0,12,0,0,2.0,26,0,0,0,0,0,0,0,0,0,0,0,897,162,1860,0,2,2,2,2,1,1,2,2,2,2,1,2,DNg84_L:270;DNg35_L:262;DNg15_R:250;DNge132_L:249;DNg85_L:249;DNg48_R:243;DNge036_L:235;DNg87_L:219;DNg37_R:205;DNge067_L:197;DNge104_R:196;DNge133_L:183;DNge054_L:180;DNg81_R:178;DNge056_R:175;DNge065_L:170;DNg57_L:170;DNge122_R:168;DNg59_L:165;DNge121_L:152,6.72,10,OA-AL2b2_L:34;OA-AL2i1_R:34;OA-AL2i3_L:32;OA-AL2i1_L:30
BM_all:right,mech_bristle,right,712,200,1,0,0,0,0.5,0,1.5,0,7.2,0,0,0,0,1.0,0,0,0,0,0,0,0,1.5,0,0,738,126,0,0,2,2,2,2,1,2,2,2,2,2,2,2,DNg84_R:257;DNg35_R:254;DNge132_R:239;DNg15_L:225;DNg87_R:219;DNg85_R:199;DNg48_L:188;DNge122_L:185;DNg81_L:180;DNge104_L:178;DNge054_R:171;DNg15_R:152;DNge067_R:151;DNg57_R:150;DNge011_R:144;DNge133_R:142;DNge122_R:137;DNg59_R:136;DNge121_R:130;DNg20_R:127,3.44,8.0,OA-AL2b2_R:26;OA-AL2i3_R:20;OA-AL2i1_R:18;OA-AL2i1_L:18
TPMN1:left,mech_other,left,33,200,1,0,0,0,0,0,0,0,0,2.5,0,0,0,0,0,0,0,0,0,0,0,0,0,0,189,16,0,0,2,2,2,3,2,2,3,3,3,4,2,2,DNge023_L:47;DNg47_L:41;DNg28_L:36;DNge023_R:32;DNge101_L:31;DNge146_L:30;DNge003_R:30;DNg31_R:30;DNge031_L:29;DNge146_R:21;DNg28_R:17;DNge036_R:13;DNg31_L:13;DNge003_L:12;DNge076_R:7;DNge051_R:7;DNde002_L:5;DNge098_L:4;DNg38_R:4;DNg35_L:2,0.00,0,
TPMN1:right,mech_other,right,30,200,1,0,0,0,0,0,0,0,0,26,0,0,0,0,0,0,0,0,0,0,0,0,0,0,219,14,0,0,2,2,2,3,2,2,3,3,4,4,3,2,DNge023_R:49;DNge031_R:35;DNg31_L:29;DNge023_L:27;DNge101_R:25;DNge042_R:19;DNge051_L:15;DNge051_R:13;DNg47_R:13;DNde002_R:13;DNge059_L:12;DNg28_R:10;DNge059_R:9;DNg31_R:9;DNge173_R:8;DNge080_L:8;DNg75_R:8;DNg96_R:6;DNg60_R:3;DNg16_R:3,0.00,0,
TPMN2:left,mech_other,left,6,200,1,0,0,0,0,0,0,0,0,0,0,0,0,0,0,0,0,0,0,0,0,0,0,0,43,1.5,0,0,3,3,3,3,2,2,3,3,4,4,2,2,DNg54_R:29;DNge037_L:8;DNge037_R:3;DNge036_L:3;DNg54_L:3,0.00,0,
TPMN2:right,mech_other,right,6,200,1,0,0,0,0,0,0,0,0,0,0,0,0,0,0,0,0,0,0,0,0,0,0,0,22,0,0,0,2,3,2,3,2,2,3,3,4,4,2,3,DNg54_L:8,0.00,0,
aPhM:left,mech_other,left,24,200,1,0,0,0,0,0,0,0,0,0,0,0,0,0,0,0,0,0,0,0,0,0,0,0,232,7.0,0,0,2,2,2,3,2,2,3,3,4,4,2,2,DNg61_L:48;DNg61_R:42;DNge055_L:39;DNge055_R:35;DNge056_R:13;DNge076_L:11;DNge056_L:8;DNge037_L:8;DNge003_R:6;DNg35_R:6;DNge037_R:5;DNge146_L:4;DNge059_R:4;DNg23_L:4;DNge036_L:3;DNge059_L:2;DNg38_R:2;DNg35_L:2;DNge057_R:1;DNge057_L:1,0.00,0,
aPhM:right,mech_other,right,23,200,1,0,0,0,0,0,0,0,0,0,0,0,0,0,0,0,0,0,0,0,0,0,0,0,193,6.5,0,0,2,2,2,3,2,1,3,3,4,3,2,1,DNg61_R:38;DNge055_L:37;DNg61_L:37;DNge055_R:36;DNge146_R:15;DNge076_R:8;DNge056_R:8;DNge059_L:7;DNge059_R:6;DNge056_L:6;DNg35_L:6;DNge076_L:4;DNge003_L:4;DNg35_R:3;DNge057_L:2;DNge037_R:2;DNge003_R:2;DNge146_L:1;DNge036_L:1;DNge023_R:1,0.00,0,
mech_unassigned:left,mech_other,left,13,200,1,0,0,0,0,0,0,0,3.2,110,0,0,0,0,0,0,0,0,0,0,0,0,0,0,339,56,1970,0,2,2,2,2,1,2,2,2,2,3,1,2,DNge078_R:94;DNge022_R:92;DNge022_L:89;DNg87_L:84;DNge132_L:63;DNde006_L:63;DNge038_R:60;DNg35_L:58;DNge137_L:57;DNge038_L:50;DNg87_R:50;DNge027_L:45;DNge039_L:42;DNge078_L:41;DNg62_R:41;DNge044_R:37;DNg37_R:34;DNg48_R:19;DNge121_L:18;DNge137_R:17,0.79,2.0,OA-AL2i1_R:22;OA-AL2i1_L:14;OA-AL2b2_R:2
mech_unassigned:right,mech_other,right,12,200,1,0,0,0,0,0,0,0,1.7,84,0,0,0,0,0,0,0,0,0,0,0,0,0,0,214,34,1990,0,2,2,2,3,1,2,3,2,2,3,2,2,DNg35_R:86;DNge022_R:79;DNg87_R:71;DNge078_L:69;DNge132_R:67;DNge022_L:63;DNge044_R:51;DNge137_L:41;DNge038_R:38;DNge038_L:37;DNge039_R:36;DNg80_L:36;DNg62_L:36;DNge011_R:31;DNge078_R:29;DNge027_R:28;DNge012_R:28;DNg48_L:28;DNg87_L:27;DNde006_R:12,0.44,0.5,OA-AL2i1_R:14;OA-AL2i1_L:8;OA-AL2b2_R:4
TRN_VP1m:both,thermo_hygro,both,13,200,0,0.3,1.7,42,2.0,0,0,0,0.0,0,27,4.0,57,0,1.0,2.0,0,3.0,0,0,0,0,0,0,8314,111,470230,1,2,2,3,2,3,3,3,3,4,3,4,3,DNb05_L:204;DNb05_R:175;DNge037_R:99;DNge037_L:95;DNg35_R:95;DNp32_L:90;DNp31_R:89;DNbe007_L:86;DNp31_L:85;DNc01_R:79;DNbe007_R:78;DNg56_R:76;DNg35_L:73;DNpe002_L:71;DNg13_L:71;DNp12_R:70;DNp05_R:70;DNg111_L:69;DNpe002_R:67;DNge041_L:65,33.70,23,OA-VUMa2_C:176;OA-VUMa5_C:142;OA-VUMa1_C:66;OA-VPM4_L:62
TRN_VP2:both,thermo_hygro,both,7,200,0,0,0,40,5.5,0,0,0,0.0,0,25,8.0,54,3.0,0,0,0,0,0,0,0,0,0,0,8335,115,472090,1,2,2,2,3,3,3,3,2,3,3,3,4,DNb05_L:205;DNb05_R:180;DNge037_R:100;DNge037_L:96;DNg35_R:95;DNp31_R:92;DNp31_L:88;DNp32_L:87;DNbe007_L:87;DNbe007_R:81;DNg56_R:80;DNc01_R:79;DNp12_R:78;DNp05_R:74;DNg35_L:73;DNg13_L:71;DNpe002_R:69;DNpe002_L:67;DNg111_L:66;DNge041_L:32,34.14,24,OA-VUMa2_C:178;OA-VUMa5_C:146;OA-VUMa1_C:66;OA-VUMa6_C:66
TRN_VP3a:both,thermo_hygro,both,7,200,0,0,0,40,4.0,0,0,0,0.1,0,20,8.0,61,0,0,0,0,0,0,0,0,0,0,0,8308,114,472570,1,2,2,2,3,3,3,3,3,3,3,3,4,DNb05_L:212;DNb05_R:190;DNge037_R:100;DNg35_R:97;DNge037_L:95;DNp31_R:93;DNbe007_L:89;DNp32_L:86;DNbe007_R:84;DNp31_L:82;DNg56_R:79;DNc01_R:78;DNp12_R:77;DNg35_L:75;DNp05_R:69;DNpe002_R:68;DNg111_L:67;DNpe002_L:66;DNg13_L:66;DNge041_L:33,32.70,23,OA-VUMa2_C:174;OA-VUMa5_C:138;OA-VUMa1_C:62
TRN_VP3b:both,thermo_hygro,both,2,200,0,0,0,38,3.5,0,0,0,0,0,22,6.0,54,1.0,0,0,0,0,0,0,0,0,0,0,8258,114,477440,1,2,3,3,3,3,3,3,3,4,4,4,4,DNb05_L:203;DNb05_R:181;DNge037_R:102;DNge037_L:98;DNg35_R:95;DNp31_R:88;DNbe007_R:87;DNbe007_L:87;DNp32_L:85;DNp31_L:81;DNg56_R:78;DNc01_R:77;DNp12_R:71;DNg35_L:71;DNpe002_R:69;DNpe002_L:69;DNp05_R:68;DNg13_L:66;DNp56_R:62;DNg111_L:32,32.26,23,OA-VUMa2_C:174;OA-VUMa5_C:138;OA-VUMa1_C:62
HRN_VP1d:both,thermo_hygro,both,16,200,0,0,0.7,37,5.5,0,0,0,0.0,0,17,11,57,0,0,0,0,2.0,0,0,0,0,0,0,8288,115,475460,1,2,2,3,3,3,3,3,3,4,3,4,4,DNb05_L:210;DNb05_R:178;DNge037_R:104;DNge037_L:102;DNg35_R:98;DNbe007_L:92;DNp31_R:91;DNp32_L:89;DNp31_L:87;DNbe007_R:86;DNc01_R:80;DNg56_R:77;DNg35_L:75;DNpe002_R:73;DNg13_L:72;DNp12_R:71;DNpe002_L:69;DNp05_R:69;DNg111_L:66;DNp56_R:34,35.49,24,OA-VUMa2_C:190;OA-VUMa5_C:164;OA-VUMa1_C:68
HRN_VP1l:both,thermo_hygro,both,13,200,0,0.3,1.0,38,4.5,0,0,0,0,0,23,7.0,52,2.0,1.0,1.0,0,2.0,0,0,0,0,0,0,8314,114,477610,1,2,3,3,3,3,3,4,4,4,4,4,4,DNb05_L:201;DNb05_R:178;DNge037_R:99;DNge037_L:98;DNg35_R:95;DNbe007_L:90;DNp31_R:89;DNp31_L:88;DNp32_L:85;DNc01_R:79;DNbe007_R:79;DNg56_R:76;DNg13_L:73;DNp12_R:71;DNp05_R:69;DNg35_L:69;DNpe002_L:68;DNpe002_R:65;DNg111_L:64;DNge054_R:32,33.12,24,OA-VUMa2_C:176;OA-VUMa5_C:140;OA-VUMa1_C:64
HRN_VP4:both,thermo_hygro,both,29,200,0,0.3,0.3,34,3.0,0,0,0,0.0,0,21,6.0,47,0,1.0,1.0,0,0,0,0,0,0,0,0,8304,113,476360,1,2,2,2,3,3,3,3,3,4,4,4,4,DNb05_L:201;DNb05_R:177;DNge037_R:101;DNge037_L:99;DNg35_R:96;DNp31_R:90;DNp32_L:87;DNp31_L:82;DNbe007_R:81;DNbe007_L:80;DNg56_R:79;DNc01_R:79;DNp12_R:78;DNp05_R:71;DNg35_L:70;DNpe002_R:69;DNpe002_L:67;DNg13_L:67;DNg56_L:66;DNge041_L:61,34.74,24,OA-VUMa2_C:184;OA-VUMa5_C:140;OA-VUMa1_C:68
HRN_VP5:both,thermo_hygro,both,16,200,0,0.3,0.3,36,3.0,0,0,0,0.0,0,21,6.0,51,0,1.0,1.0,0,0,0,0,0,0,0,0,8269,114,475310,1,2,3,3,3,3,3,3,3,3,3,3,4,DNb05_L:217;DNb05_R:192;DNge037_L:98;DNp31_R:97;DNge037_R:97;DNp31_L:95;DNg35_R:95;DNbe007_L:91;DNp32_L:87;DNg56_R:80;DNp12_R:78;DNc01_R:78;DNbe007_R:78;DNg35_L:71;DNpe002_L:68;DNg13_L:67;DNpe002_R:66;DNp05_R:66;DNge041_L:66;DNge054_R:34,31.02,23,OA-VUMa2_C:174;OA-VUMa5_C:136;OA-VPM4_L:60;OA-VUMa1_C:58
SA_DLV:left,sensory_ascending,left,11,200,1,0,0,0,0,0,0,0,0,0,0,0,0,0,0,0,0,0,0,0,0,0,0,0,6.0,0,0,0,2,2,3,2,3,3,-1,-1,-1,-1,-1,-1,,0.00,0,
SA_DLV:right,sensory_ascending,right,14,200,1,0,0,0,0,0,0,0,0,0,0,0,0,0,0,0,0,0,0,0,0,0,0,0,5.0,0,0,0,2,2,3,3,3,3,4,3,4,3,4,5,,0.00,0,
SA_DMT_ADMN:left,sensory_ascending,left,36,200,1,0,0,0,0,0,0,0,0,0,0,0,0,0,0,0,0,0,0,0,0,0,0,0,14,1.0,0,0,2,2,3,2,2,2,3,2,3,2,3,4,DNge084_L:19;DNp73_L:1,0.00,0,
SA_DMT_ADMN:right,sensory_ascending,right,44,200,1,0,0,0,0,0,0,0,0,0,0,0,0,0,0,0,0,0,0,0,0,0,0,0,48,9.0,0,0,2,2,2,3,2,3,3,2,3,3,3,4,DNge084_R:58;DNge107_R:28;DNp73_R:24;DNa10_R:24;DNp31_L:15;DNg07_R:12;DNge111_R:6;DNge093_R:2,0.00,0,
SA_DMT_DMetaN:left,sensory_ascending,left,135,200,1,0,0,0,0,0,0,0,0,0,0,0,0,0,0,0,0,0,0,0,0,0,0,0,8.5,0,0,0,2,2,3,3,1,2,3,2,3,3,4,4,DNa16_R:4,0.00,0,
SA_DMT_DMetaN:right,sensory_ascending,right,232,200,1,0,0,1.5,6.0,0,0,0,0,0,1.0,0,2.0,12,0,0,0,0,0,0,0,0,0,0,128,7.0,0,0,2,2,2,2,2,2,2,2,3,3,3,4,DNa16_R:21;DNa16_L:21;DNae002_R:18;DNa11_L:14;DNa02_R:12;DNg10_R:4;DNge087_R:4;DNg13_L:4;DNae005_L:3;DNge093_R:2;DNa02_L:2;DNpe023_L:1;DNge140_R:1;DNg71_R:1;DNae007_L:1;DNa01_L:1;DNde003_L:0;DNb02_R:0;DNa13_R:0;DNa13_L:0,1.19,3.0,OA-AL2b2_R:14;OA-VUMa1_C:12;OA-AL2i3_R:6
SA_MDA:left,sensory_ascending,left,8,200,1,0,0,0,0,0,0,0,0,0,0,0,0,0,0,0,0,0,0,0,0,0,0,0,28,1.0,0,0,2,2,2,3,2,2,4,3,4,4,3,2,DNg80_L:17;DNg80_R:5,0.00,0,
SA_MDA:right,sensory_ascending,right,9,200,1,0,0,0,0,0,0,0,0,0,0,0,0,0,0,0,0,0,0,0,0,0,0,0,20,0,0,0,2,2,3,3,2,2,3,3,3,3,3,2,,0.00,0,
SA_VTV_DProN:left,sensory_ascending,left,2,200,1,0,0,0,0,0,0,0,0,0,0,0,0,0,0,0,0,0,0,0,0,0,0,0,1.5,1.0,0,0,2,2,2,3,2,2,3,3,3,3,2,3,DNg62_R:11;DNg68_R:1,0.00,0,
SA_VTV_DProN:right,sensory_ascending,right,2,200,1,0,0,0,0,0,0,0,0,0,0,0,0,0,0,0,0,0,0,0,0,0,0,0,7.0,0,0,0,2,2,2,3,2,2,3,3,3,3,2,3,DNpe049_R:3;DNg68_L:3;DNg65_L:3;DNd04_L:3;DNg22_R:1,0.00,0,
SA_VTV_pro_meso_meta:left,sensory_ascending,left,41,200,1,8.0,12,17,4.0,0,0,0,0,0,16,4.0,18,4.0,15,15,9.0,22,0,0,0,0,0,0,730,34,6850,0,2,2,2,2,2,2,3,3,2,3,3,3,DNpe007_L:71;DNg103_L:65;DNg103_R:48;DNge053_L:42;DNge053_R:38;DNpe007_R:34;DNge038_R:29;DNg35_R:28;DNg28_L:26;DNbe007_R:26;DNbe007_L:26;DNb05_R:26;DNg97_R:22;DNg13_L:22;DNb05_L:22;DNg84_R:21;DNg16_R:20;DNg68_R:9;DNg111_L:9;DNg100_R:9,0.95,2.5,OA-VUMa6_C:20;OA-VUMa1_C:12
SA_VTV_pro_meso_meta:right,sensory_ascending,right,45,200,1,9.7,15,19,0.5,0,0,0,0,0,16,1.0,22,0,21,20,8.0,25,0,0,0,0,0,0,732,38,4710,0,2,2,2,3,2,2,3,3,2,3,3,3,DNpe007_R:99;DNg103_R:63;DNpe007_L:55;DNge053_L:48;DNg103_L:42;DNg35_R:40;DNp42_R:38;DNge053_R:37;DNbe007_R:29;DNb05_R:29;DNg68_L:27;DNbe007_L:27;DNb05_L:27;DNg65_R:26;DNg97_R:25;DNg13_L:24;DNg84_R:22;DNa02_L:14;DNg100_L:13;DNpe042_R:12,1.14,2.5,OA-VUMa6_C:24;OA-VUMa1_C:20
SA_DMT_ADMN_1:left,sensory_ascending,left,4,200,1,0,0,0,0,0,0,0,0,0,0,0,0,0,0,0,0,0,0,0,0,0,0,0,3.0,0,0,0,2,2,3,3,2,3,4,3,4,4,4,5,DNp31_R:6,0.00,0,
SA_DMT_ADMN_1:right,sensory_ascending,right,6,200,1,0,0,0,0,0,0,0,0,0,0,0,0,0,0,0,0,0,0,0,0,0,0,0,6.5,1.0,0,0,2,2,3,3,2,3,4,3,4,5,4,5,DNp31_L:40;DNge093_R:1,0.00,0,
SA_DMT_ADMN_10:left,sensory_ascending,left,3,200,1,0,0,0,0,0,0,0,0,0,0,0,0,0,0,0,0,0,0,0,0,0,0,0,3.5,0,0,0,2,3,3,3,2,3,3,3,3,4,4,4,DNp31_R:1;DNge084_L:1,0.00,0,
SA_DMT_ADMN_10:right,sensory_ascending,right,2,200,1,0,0,0,0,0,0,0,0,0,0,0,0,0,0,0,0,0,0,0,0,0,0,0,4.5,2.0,0,0,2,2,3,3,3,3,3,3,4,5,4,4,DNp31_L:23;DNge084_R:15,0.00,0,
SA_DMT_ADMN_11:left,sensory_ascending,left,10,200,1,0,0,0,0,0,0,0,0,0,0,0,0,0,0,0,0,0,0,0,0,0,0,0,5.0,0,0,0,2,2,3,3,2,2,-1,-1,-1,-1,-1,-1,,0.00,0,
SA_DMT_ADMN_11:right,sensory_ascending,right,11,200,1,0,0,0,0,0,0,0,0,0,0,0,0,0,0,0,0,0,0,0,0,0,0,0,6.5,0,0,0,2,2,2,3,2,3,3,3,4,3,4,5,,0.00,0,
SA_DMT_ADMN_2:left,sensory_ascending,left,2,200,1,0,0,0,0,0,0,0,0,0,0,0,0,0,0,0,0,0,0,0,0,0,0,0,1.0,0,0,0,2,2,3,2,2,2,3,2,3,2,3,4,,0.00,0,
SA_DMT_ADMN_2:right,sensory_ascending,right,2,200,1,0,0,0,0,0,0,0,0,0,0,0,0,0,0,0,0,0,0,0,0,0,0,0,6.0,0,0,0,2,2,2,3,2,3,3,2,4,3,4,4,,0.00,0,
SA_DMT_ADMN_3:left,sensory_ascending,left,2,200,1,0,0,0,0,0,0,0,0,0,0,0,0,0,0,0,0,0,0,0,0,0,0,0,0,0,0,0,2,3,3,3,3,2,-1,-1,-1,-1,-1,-1,,0.00,0,
SA_DMT_ADMN_3:right,sensory_ascending,right,3,200,1,0,0,0,0,0,0,0,0,0,0,0,0,0,0,0,0,0,0,0,0,0,0,0,11,0,0,0,2,2,3,3,3,3,3,3,4,5,4,5,,0.00,0,
SA_DMT_ADMN_4:right,sensory_ascending,right,2,200,1,0,0,0,0,0,0,0,0,0,0,0,0,0,0,0,0,0,0,0,0,0,0,0,6.5,1.0,0,0,2,2,2,3,2,3,3,3,3,3,4,4,DNg07_R:2,0.00,0,
SA_DMT_ADMN_5:left,sensory_ascending,left,3,200,1,0,0,0,0,0,0,0,0,0,0,0,0,0,0,0,0,0,0,0,0,0,0,0,1.5,0,0,0,2,2,3,3,3,3,4,4,5,5,4,5,,0.00,0,
SA_DMT_ADMN_5:right,sensory_ascending,right,4,200,1,0,0,0,0,0,0,0,0,0,0,0,0,0,0,0,0,0,0,0,0,0,0,0,3.0,1.0,0,0,2,2,2,3,3,3,-1,-1,-1,-1,-1,-1,DNge107_R:27,0.00,0,
SA_DMT_ADMN_6:right,sensory_ascending,right,3,200,1,0,0,0,0,0,0,0,0,0,0,0,0,0,0,0,0,0,0,0,0,0,0,0,3.5,1.0,0,0,2,3,3,3,2,3,4,4,5,5,4,5,DNa10_R:11,0.00,0,
SA_DMT_ADMN_7:left,sensory_ascending,left,5,200,1,0,0,0,0,0,0,0,0,0,0,0,0,0,0,0,0,0,0,0,0,0,0,0,0,0,0,0,3,2,3,3,2,3,-1,-1,-1,-1,-1,-1,,0.00,0,
SA_DMT_ADMN_7:right,sensory_ascending,right,5,200,1,0,0,0,0,0,0,0,0,0,0,0,0,0,0,0,0,0,0,0,0,0,0,0,0,0,0,0,2,3,3,3,3,3,-1,-1,-1,-1,-1,-1,,0.00,0,
SA_DMT_ADMN_8:left,sensory_ascending,left,2,200,1,0,0,0,0,0,0,0,0,0,0,0,0,0,0,0,0,0,0,0,0,0,0,0,0,0,0,0,3,2,3,2,2,3,-1,-1,-1,-1,-1,-1,,0.00,0,
SA_DMT_ADMN_8:right,sensory_ascending,right,2,200,1,0,0,0,0,0,0,0,0,0,0,0,0,0,0,0,0,0,0,0,0,0,0,0,2.5,0,0,0,2,2,2,3,2,3,3,3,4,3,3,4,,0.00,0,
SA_DMT_ADMN_9:left,sensory_ascending,left,3,200,1,0,0,0,0,0,0,0,0,0,0,0,0,0,0,0,0,0,0,0,0,0,0,0,0,0,0,0,2,3,3,3,2,3,-1,-1,-1,-1,-1,-1,,0.00,0,
SA_DMT_ADMN_9:right,sensory_ascending,right,4,200,1,0,0,0,0,0,0,0,0,0,0,0,0,0,0,0,0,0,0,0,0,0,0,0,0.5,0,0,0,2,2,3,3,2,3,3,3,3,4,4,5,,0.00,0,
SA_DMT_DMetaN_12:left,sensory_ascending,left,15,200,1,0,0,0,0,0,0,0,0,0,0,0,0,0,0,0,0,0,0,0,0,0,0,0,1.0,0,0,0,2,2,3,3,2,3,4,4,5,3,5,5,,0.00,0,
SA_DMT_DMetaN_12:right,sensory_ascending,right,47,200,1,0,0,0,0,0,0,0,0,0,0,0,0,0,0,0,0,0,0,0,0,0,0,0,7.0,0,0,0,2,2,3,3,2,3,3,2,3,4,4,5,,0.00,0,
SA_DMT_DMetaN_3:right,sensory_ascending,right,2,200,1,0,0,0,0,0,0,0,0,0,0,0,0,0,0,0,0,0,0,0,0,0,0,0,1.5,0,0,0,3,3,3,3,2,3,5,5,6,6,5,6,,0.00,0,
SA_DMT_DMetaN_4:left,sensory_ascending,left,2,200,1,0,0,0,0,0,0,0,0,0,0,0,0,0,0,0,0,0,0,0,0,0,0,0,0,0,0,0,3,2,3,4,2,4,3,3,3,5,4,5,,0.00,0,
SA_DMT_DMetaN_4:right,sensory_ascending,right,3,200,1,0,0,0,0,0,0,0,0,0,0,0,0,0,0,0,0,0,0,0,0,0,0,0,1.0,0,0,0,3,2,3,3,2,3,3,2,3,4,4,5,,0.00,0,
SA_DMT_DMetaN_5:left,sensory_ascending,left,2,200,1,0,0,0,0,0,0,0,0,0,0,0,0,0,0,0,0,0,0,0,0,0,0,0,0,0,0,0,2,2,3,3,1,3,-1,-1,-1,-1,-1,-1,,0.00,0,
SA_DMT_DMetaN_5:right,sensory_ascending,right,2,200,1,0,0,0,0,0,0,0,0,0,0,0,0,0,0,0,0,0,0,0,0,0,0,0,0,0,0,0,3,2,3,3,2,3,-1,-1,-1,-1,-1,-1,,0.00,0,
SA_DMT_DMetaN_6:left,sensory_ascending,left,5,200,1,0,0,0,0,0,0,0,0,0,0,0,0,0,0,0,0,0,0,0,0,0,0,0,1.0,0,0,0,2,2,3,3,3,3,-1,-1,-1,-1,-1,-1,,0.00,0,
SA_DMT_DMetaN_6:right,sensory_ascending,right,5,200,1,0,0,0,0,0,0,0,0,0,0,0,0,0,0,0,0,0,0,0,0,0,0,0,0,0,0,0,3,2,3,3,3,3,-1,-1,-1,-1,-1,-1,,0.00,0,
SA_DMT_DMetaN_8:left,sensory_ascending,left,6,200,1,0,0,0,0,0,0,0,0,0,0,0,0,0,0,0,0,0,0,0,0,0,0,0,0,0,0,0,2,2,3,3,1,3,-1,-1,-1,-1,-1,-1,,0.00,0,
SA_DMT_DMetaN_8:right,sensory_ascending,right,6,200,1,0,0,0,0,0,0,0,0,0,0,0,0,0,0,0,0,0,0,0,0,0,0,0,4.5,0,0,0,2,2,2,2,2,3,2,3,3,4,3,4,,0.00,0,
SA_DMT_DMetaN_9:right,sensory_ascending,right,6,200,1,0,0,0,0,0,0,0,0,0,0,0,0,0,0,0,0,0,0,0,0,0,0,0,0,0,0,0,-1,-1,-1,-1,-1,-1,-1,-1,-1,-1,-1,-1,,0.00,0,
SA_MDA_1:left,sensory_ascending,left,2,200,1,0,0,0,0,0,0,0,0,0,0,0,0,0,0,0,0,0,0,0,0,0,0,0,22,0,0,0,3,3,3,3,2,2,4,3,4,4,3,2,,0.00,0,
SA_MDA_1:right,sensory_ascending,right,2,200,1,0,0,0,0,0,0,0,0,0,0,0,0,0,0,0,0,0,0,0,0,0,0,0,16,0,0,0,3,3,3,3,2,2,3,3,3,4,3,2,,0.00,0,
SA_MDA_2:left,sensory_ascending,left,2,200,1,0,0,0,0,0,0,0,0,0,0,0,0,0,0,0,0,0,0,0,0,0,0,0,0,0,0,0,-1,-1,-1,-1,-1,-1,-1,-1,-1,-1,-1,-1,,0.00,0,
SA_MDA_2:right,sensory_ascending,right,3,200,1,0,0,0,0,0,0,0,0,0,0,0,0,0,0,0,0,0,0,0,0,0,0,0,0,0,0,0,-1,-1,-1,-1,-1,-1,-1,-1,-1,-1,-1,-1,,0.00,0,
SA_MDA_4:left,sensory_ascending,left,3,200,1,0,0,0,0,0,0,0,0,0,0,0,0,0,0,0,0,0,0,0,0,0,0,0,5.0,0,0,0,2,2,2,3,2,2,4,4,4,4,4,3,DNg80_L:7,0.00,0,
SA_MDA_4:right,sensory_ascending,right,3,200,1,0,0,0,0,0,0,0,0,0,0,0,0,0,0,0,0,0,0,0,0,0,0,0,7.0,0,0,0,2,3,3,3,2,3,3,3,3,3,3,3,DNg80_R:4;DNg26_L:1,0.00,0,
SA_VTV_1:left,sensory_ascending,left,2,200,1,0,0,0,0,0,0,0,0,0,0,0,0,0,0,0,0,0,0,0,0,0,0,0,28,0,0,0,2,2,2,2,2,3,3,3,2,3,3,3,,0.00,0,
SA_VTV_1:right,sensory_ascending,right,2,200,1,0,0,0,0,0,0,0,0,0,0,0,0,0,0,0,0,0,0,0,0,0,0,0,18,0,0,0,2,2,2,3,2,3,3,3,2,3,3,3,,0.00,0,
SA_VTV_10:left,sensory_ascending,left,5,200,1,0,0,0,0,0,0,0,0,0,0,0,0,0,0,0,0,0,0,0,0,0,0,0,5.0,0,0,0,3,3,3,3,2,3,3,4,4,4,3,3,,0.00,0,
SA_VTV_10:right,sensory_ascending,right,4,200,1,0,0,0,0,0,0,0,0,0,0,0,0,0,0,0,0,0,0,0,0,0,0,0,7.0,0,0,0,3,3,3,3,2,3,4,4,4,4,3,3,,0.00,0,
SA_VTV_2:left,sensory_ascending,left,6,200,1,0,0,0,0,0,0,0,0,0.5,0,0,0,0,0,0,0,0,0,0,0,0,0,0,103,4.0,0,0,3,2,3,3,2,3,3,3,3,4,3,3,DNg103_L:67;DNg103_R:47;DNg28_L:13;DNge042_L:8;DNge031_L:8;DNg96_L:8;DNg47_L:7;DNde002_L:6;DNg28_R:2;DNge173_L:1;DNge101_L:1;DNge036_R:1;DNge003_R:1,0.00,0,
SA_VTV_2:right,sensory_ascending,right,6,200,1,0,0,0,0,0,0,0,0,0,0,0,0,0,0,0,0,0,0,0,0,0,0,0,30,2.0,0,0,3,3,3,3,2,3,3,3,3,4,3,3,DNg103_R:59;DNg103_L:56,0.00,0,
SA_VTV_3:left,sensory_ascending,left,3,200,1,0,0,0,0,0,0,0,0,0,0,0,0,0,0,0,0,0,0,0,0,0,0,0,11,0,0,0,2,2,2,3,2,3,3,3,2,3,4,4,DNpe007_R:7,0.00,0,
SA_VTV_3:right,sensory_ascending,right,4,200,1,0,0,0,0,0,0,0,0,0,0,0,0,0,0,0,0,0,0,0,0,0,0,0,25,0,0,0,2,2,2,3,2,3,3,3,2,3,4,4,DNp42_R:8;DNg65_R:6;DNpe007_R:4,0.00,0,
SA_VTV_4:left,sensory_ascending,left,9,200,1,0,0,0,0,0,0,0,0,0,0,0,0,0,0,0,0,0,0,0,0,0,0,0,34,4.0,0,0,2,2,2,3,2,3,3,3,2,3,3,3,DNpe007_L:48;DNg65_L:35;DNp42_R:23;DNg65_R:14;DNp42_L:1,0.00,0,
SA_VTV_4:right,sensory_ascending,right,9,200,1,0,0,0,0,0,0,0,0,0,0,0,0,0,0,0,0,0,0,0,0,0,0,0,37,4.5,0,0,2,2,2,3,2,3,3,3,2,3,3,3,DNpe007_R:68;DNg65_R:40;DNp42_R:37;DNpe007_L:23;DNg68_L:8;DNg65_L:1,0.00,0,
SA_VTV_5:left,sensory_ascending,left,7,200,1,6.3,8.0,9.0,3.0,0,0,0,0,0,8.0,2.0,10,4.0,12,12,7.0,12,0,0,0,0,0,0,547,16,10330,0,3,2,3,3,2,3,4,4,3,4,4,3,DNge053_L:25;DNge053_R:23;DNg35_R:19;DNg84_R:16;DNbe007_L:16;DNbe007_R:15;DNb05_R:15;DNg16_R:14;DNb05_L:14;DNg13_L:13;DNg97_R:12;DNg100_R:12;DNg100_L:12;DNg16_L:10;DNa02_L:10;DNge037_R:9;DNge018_R:9;DNg97_L:6;DNg13_R:5;DNb08_R:4,0.60,1.5,OA-VUMa6_C:12;OA-VUMa1_C:10
SA_VTV_5:right,sensory_ascending,right,7,200,1,10,14,14,6.0,0,0,0,0,0,12,5.0,17,7.0,21,22,10,19,0,0,0,0,0,0,628,24,2900,0,2,2,2,3,2,3,4,4,4,4,5,4,DNge053_L:38;DNge053_R:33;DNg35_R:27;DNbe007_R:26;DNb05_R:26;DNbe007_L:23;DNb05_L:23;DNg84_R:22;DNg100_R:22;DNg13_L:21;DNg100_L:21;DNg97_R:19;DNg16_R:19;DNa02_L:17;DNg16_L:15;DNg13_R:14;DNg111_L:14;DNge018_R:13;DNae002_L:12;DNge037_R:7,1.28,3.0,OA-VUMa6_C:24;OA-VUMa1_C:14;OA-AL2i1_L:2;OA-VUMa8_C:2
SA_VTV_6:left,sensory_ascending,left,4,200,1,0,0,0,0,0,0,0,0,0,0,0,0,0,0,0,0,0,0,0,0,0,0,0,8.5,1.0,0,0,2,3,2,2,2,2,3,3,3,3,3,3,DNge038_R:23;DNpe007_L:5,0.00,0,
SA_VTV_6:right,sensory_ascending,right,8,200,1,0,0,0,0,0,0,0,0,0,0,0,0,0,0,0,0,0,0,0,0,0,0,0,20,3.0,0,0,2,2,2,3,2,2,3,3,3,3,3,3,DNpe007_R:30;DNge038_R:17;DNge038_L:15;DNp42_R:8;DNpe007_L:4,0.00,0,
SA_VTV_9:left,sensory_ascending,left,3,200,1,0,0,0,0,0,0,0,0,0,0,0,0,0,0,0,0,0,0,0,0,0,0,0,30,0,0,0,2,2,3,2,2,3,3,3,3,3,3,3,,0.00,0,
SA_VTV_9:right,sensory_ascending,right,3,200,1,0,0,0,0,0,0,0,0,0,0,0,0,0,0,0,0,0,0,0,0,0,0,0,29,0,0,0,2,3,2,3,3,3,3,3,3,4,3,3,,0.00,0,
SA_VTV_PDMN_1:left,sensory_ascending,left,2,200,1,0,0,0,0,0,0,0,0,0,0,0,0,0,0,0,0,0,0,0,0,0,0,0,22,1.5,0,0,2,2,2,3,2,2,3,3,3,3,3,3,DNg65_L:16;DNg65_R:10;DNpe049_R:6;DNpe049_L:5;DNp42_L:5;DNp42_R:1,0.00,0,
SA_VTV_PDMN_1:right,sensory_ascending,right,2,200,1,0,0,0,0,0,0,0,0,0,0,0,0,0,0,0,0,0,0,0,0,0,0,0,8.0,2.5,0,0,2,2,2,3,2,2,3,3,3,3,3,3,DNg65_L:23;DNpe049_L:13;DNg65_R:13;DNpe049_R:3,0.00,0,
body_mech:left,sensory_ascending,left,193,200,1,0,0,0,0,0,0,0,0,0,0,0,0,0,0,0,0,0,0,0,0,0,0,0,75,3.5,0,0,2,2,2,2,1,2,3,2,3,2,2,2,DNge084_L:19;DNg80_L:17;DNg65_L:13;DNg62_R:9;DNg65_R:8;DNpe049_L:7;DNg80_R:6;DNpe049_R:4;DNa16_R:3;DNg68_R:2;DNd04_L:1,0.00,0,
body_mech:right,sensory_ascending,right,302,200,1,0,0,2.0,4.0,0,0,0,0,0,1.0,0,3.0,8.0,0,0,0,0,0,0,0,0,0,0,214,18,0,0,2,2,2,2,2,2,2,2,3,3,2,2,DNge084_R:56;DNg65_L:28;DNp73_R:25;DNp31_L:25;DNa10_R:24;DNge140_R:22;DNpe049_L:20;DNa16_R:18;DNge107_R:17;DNge093_R:17;DNg65_R:17;DNa16_L:14;DNa11_L:14;DNg07_R:12;DNae002_R:10;DNd04_L:9;DNa02_R:8;DNge111_R:4;DNpe049_R:3;DNg68_R:3,0.81,1.0,OA-AL2b2_R:10;OA-VUMa1_C:8;OA-AL2i3_R:4
AN_AVLP:left,ascending,left,92,200,1,54,46,6.0,60,0,1.0,0,0,0,7.0,59,5.0,61,102,96,59,42,0,0,0,1.0,0,0,1462,108,6950,0,1,1,2,1,2,2,1,2,2,2,2,3,DNg100_L:102;DNg100_R:96;DNp12_L:81;DNge050_L:78;DNge018_R:66;DNg75_R:66;DNp66_L:65;DNge050_R:65;DNg13_R:65;DNb08_R:62;DNg55_C:61;DNa02_R:61;DNg97_L:59;DNa01_R:59;DNg16_R:57;DNp45_L:54;DNge053_L:32;DNge007_R:31;DNge053_R:29;DNg52_R:26,3.88,5.5,OA-VUMa8_C:52;OA-VUMa1_C:28;OA-VUMa6_C:20;OA-ASM3_L:16;OA-AL2i1_R:14
AN_AVLP:right,ascending,right,97,200,1,31,46,57,1.0,1.5,4.5,0,0,0,53,0,61,2.0,69,72,25,63,0,2.0,1.5,4.5,0,0,1127,99,0,0,1,2,2,2,2,2,1,2,2,2,2,3,DNp12_R:99;DNp73_R:84;DNg100_R:72;DNge050_L:71;DNg100_L:69;DNg97_R:63;DNa02_L:61;DNge053_L:56;DNp64_R:54;DNge053_R:54;DNp66_R:53;DNp45_R:53;DNa01_L:53;DNge119_R:50;DNge050_R:48;DNge049_R:48;DNa13_L:46;DNpe042_R:45;DNg13_L:27;DNg55_C:23,2.07,3.0,OA-VUMa8_C:40;OA-ASM3_R:26;OA-VUMa1_C:16;OA-VUMa3_C:2;OA-AL2b2_R:2
AN_AVLP_GNG:left,ascending,left,33,200,1,4.3,5.0,0.5,0,0,0,0,0,0,1.0,0,0,0,6.0,6.0,7.0,9.0,0,0,0,0,0,0,266,17,0,0,1,2,2,1,1,2,2,2,2,1,2,2,DNp13_L:105;DNpe050_L:49;DNp55_L:44;DNg74_b_L:41;DNge131_R:40;DNg74_b_R:39;DNge049_L:37;DNpe056_L:33;DNge049_R:33;DNge119_L:30;DNp12_L:22;DNg93_R:16;DNge119_R:13;DNp36_L:11;DNa04_L:11;DNge053_L:9;DNae002_L:9;DNg97_R:6;DNg97_L:5;DNge050_R:4,0.05,0,OA-VUMa8_C:2
AN_AVLP_GNG:right,ascending,right,35,200,1,9.0,8.0,3.5,3.0,0,0,0,0,0,1.0,4.0,6.0,2.0,13,13,14,11,0,0,0,0,0,0,375,22,0,0,1,2,2,1,2,2,2,2,2,1,2,2,DNp13_R:107;DNp55_R:64;DNge119_R:46;DNge131_L:40;DNpe050_R:38;DNpe056_R:37;DNge049_L:37;DNge049_R:31;DNg74_b_L:29;DNp12_R:23;DNpe042_R:21;DNge053_R:19;DNp34_L:18;DNge053_L:14;DNg97_L:14;DNg100_R:13;DNge050_L:11;DNge050_R:9;DNg97_R:9;DNg100_L:9,0.07,0,OA-VUMa8_C:4
AN_AVLP_PVLP:left,ascending,left,10,200,1,53,37,10,48,0,0,0,0,0,0,50,20,47,79,78,60,34,20,0,0,0,0,0,837,100,0,0,1,1,1,2,2,2,2,1,2,2,3,2,DNpe056_L:98;DNg100_L:79;DNg100_R:78;DNp13_L:66;DNpe031_L:63;DNge050_L:63;DNp66_L:61;DNge043_L:61;DNg97_L:60;DNg90_L:59;DNg75_L:58;DNge050_R:54;DNg13_R:54;DNg49_L:52;DNde002_L:52;DNa01_R:50;DNge007_R:45;DNp30_L:27;DNg75_R:27;DNa02_R:27,1.49,4.0,OA-VUMa8_C:22;OA-AL2i1_L:16;OA-VUMa1_C:14;OA-AL2i1_R:12;OA-AL2b2_L:2
AN_AVLP_PVLP:right,ascending,right,10,200,1,42,54,42,22,0,2.0,0,0,0,47,0,36,43,86,82,41,63,0,17,0,2.0,0,0,840,98,0,0,1,1,1,2,2,2,1,1,1,2,2,2,DNpe056_R:120;DNp34_L:91;DNg100_L:86;DNg100_R:82;DNg90_R:76;DNge050_L:68;DNp13_R:65;DNg97_R:63;DNde002_R:61;DNge043_R:60;DNpe031_R:60;DNg75_L:57;DNpe013_R:54;DNge050_R:53;DNge007_R:53;DNp66_R:52;DNp53_R:51;DNa01_L:47;DNp43_R:45;DNg13_L:26,0.74,0.5,OA-AL2i1_R:12;OA-VUMa3_C:8;OA-VUMa1_C:8;OA-AL2b2_R:2;OA-VUMa8_C:2
AN_AVLP_SAD:left,ascending,left,6,200,1,0,0,0,0,0,0,0,0,0,0,0,0,0,0,0,0,0,0,0,0,0,0,0,40,0,0,0,2,2,2,2,2,2,3,3,3,2,2,3,DNg108_R:8;DNg108_L:1,0.00,0,
AN_AVLP_SAD:right,ascending,right,4,200,1,0,0,0,0,0,0,0,0,0,0,0,0,0,0,0,0,0,0,0,0,0,0,0,16,0.5,0,0,2,2,2,2,2,3,3,3,3,2,3,4,DNg108_R:6,0.00,0,
AN_FLA_GNG:left,ascending,left,3,200,1,0,0,0,0,0,0,0,0,0,0,0,0,0,0,0,0,0,0,0,0,0,0,0,4.0,0,0,0,2,2,2,2,2,2,3,3,3,3,2,3,,0.00,0,
AN_FLA_GNG:right,ascending,right,3,200,1,0,0,0,0,0,0,0,0,0,0,0,0,0,0,0,0,0,0,0,0,0,0,0,5.0,0,0,0,2,2,2,3,2,3,3,3,3,4,4,3,DNg55_C:2,0.00,0,
AN_FLA_PRW:left,ascending,left,3,200,1,0,0,0,0,0,0,0,0,0,0,0,0,0,0,0,0,0,0,0,0,0,0,0,13,5.0,0,0,2,3,3,3,2,2,4,4,4,5,4,3,DNg26_L:45;DNg26_R:38;DNge005_L:17;DNg80_R:7;DNg80_L:1,0.00,0,
AN_FLA_PRW:right,ascending,right,3,200,1,0,0,0,0,0,0,0,0,0,0,0,0,0,0,0,0,0,0,0,0,0,0,0,12,5.0,0,0,2,3,3,3,2,2,4,4,4,5,4,3,DNg26_L:48;DNg26_R:45;DNg80_R:12;DNge005_L:2,0.00,0,
AN_FLA_SMP:left,ascending,left,2,200,1,0,0,0,0,0,0,0,0,0,0,0,0,0,0,0,0,0,0,0,0,0,0,0,11,0,0,0,2,2,2,3,2,3,3,3,3,3,3,4,,0.00,0,
AN_FLA_SMP:right,ascending,right,2,200,1,0,0,0,0,0,0,0,0,0,0,0,0,0,0,0,0,0,0,0,0,0,0,0,15,0,0,0,2,3,2,3,3,3,3,3,3,3,3,3,DNp37_R:4;DNp52_R:1,0.00,0,
AN_GNG:left,ascending,left,304,200,1,0,0,0,0,0,0,0,2.4,0,0,0,0,0,0,0,0,0,0,0,0,0,0,0,656,96,0,0,1,1,1,2,1,1,1,1,1,2,1,1,DNge031_L:115;DNge096_L:107;DNge036_L:101;DNge096_R:100;DNg105_L:99;DNge002_L:96;DNge139_L:92;DNg74_b_L:91;DNg108_L:85;DNge036_R:84;DNg105_R:84;DNge174_L:81;DNge129_L:77;DNge128_L:74;DNg108_R:74;DNge062_L:71;DNge129_R:69;DNp42_R:68;DNde007_R:40;DNg54_R:38,2.14,4.0,OA-AL2i1_L:22;OA-AL2i1_R:18;OA-VUMa3_C:18;OA-AL2b2_L:8
AN_GNG:right,ascending,right,349,200,1,0,0,0,0.5,0,0,0,4.8,1.5,0,0,0,1.0,0,0,0,0,0,0,0,0,0,0,850,126,0,0,1,1,1,2,1,1,1,1,1,2,1,1,DNge031_R:132;DNg74_b_L:129;DNge139_R:124;DNg74_b_R:122;DNg58_R:111;DNge036_R:110;DNge096_R:104;DNge002_R:100;DNge018_R:98;DNge096_L:97;DNge131_L:87;DNge046_L:87;DNge129_L:86;DNge046_R:85;DNg54_R:83;DNp42_R:79;DNge036_L:78;DNge174_R:76;DNge129_R:74;DNge037_R:38,3.30,4.5,OA-AL2i1_R:58;OA-AL2i1_L:38;OA-AL2b2_R:20;OA-AL2i3_R:10;OA-VUMa3_C:6
AN_GNG_AMMC:left,ascending,left,3,200,1,0,0,0,0,0,0,0,0,0,0,0,0,0,0,0,0,0,0,0,0,0,0,0,0,0,0,0,-1,-1,-1,-1,-1,-1,-1,-1,-1,-1,-1,-1,,0.00,0,
AN_GNG_AMMC:right,ascending,right,3,200,1,0,0,0,0,0,0,0,0,0,0,0,0,0,0,0,0,0,0,0,0,0,0,0,0,0,0,0,-1,-1,-1,-1,-1,-1,-1,-1,-1,-1,-1,-1,,0.00,0,
AN_GNG_FLA:left,ascending,left,8,200,1,0,0,0,0,0,0,0,0,0,0,0,0,0,0,0,0,0,0,0,0,0,0,0,47,4.5,0,0,1,2,2,2,2,2,2,2,2,3,2,3,DNg103_L:57;DNg103_R:34;DNg68_R:30;DNg68_L:18;DNge136_L:3;DNge142_L:1,0.00,0,
AN_GNG_FLA:right,ascending,right,9,200,1,0,0,0,0,0,0,0,0,0,0,0,0,0,0,0,0,0,0,0,0,0,0,0,40,3.0,0,0,2,2,2,2,2,2,2,2,3,3,2,2,DNg103_R:65;DNg103_L:51;DNg68_L:15;DNge136_R:2;DNde002_R:2;DNge173_R:1;DNge042_R:1;DNge031_R:1;DNg96_R:1;DNg75_R:1,0.00,0,
AN_GNG_IPS:left,ascending,left,26,200,1,0,0,4.5,0,0,0,0,0,0,0,0,9.0,0,0,0,0,0,0,0,0,0,0,0,46,8.5,0,0,1,1,1,2,1,2,2,1,2,3,2,3,DNg49_L:45;DNa16_R:30;DNge049_R:28;DNa10_L:25;DNge050_L:16;DNae009_L:16;DNa02_L:9;DNg88_L:8;DNg79_L:6;DNge049_L:6;DNae006_L:4;DNa13_L:4;DNg08_a_L:2;DNge070_L:1;DNb06_L:1;DNa04_R:1,0.00,0,
AN_GNG_IPS:right,ascending,right,36,200,1,0,0,0.5,24,0,0,0,0,0,0,19,1.0,29,0,0,0,0,0,0,0,0,0,0,308,16,0,0,1,1,1,2,1,2,2,1,2,3,1,3,DNg99_R:57;DNg88_R:45;DNge070_R:33;DNge043_R:32;DNa16_L:30;DNa02_R:29;DNge033_R:28;DNge084_R:23;DNa01_R:19;DNpe013_R:14;DNpe004_R:10;DNae002_R:10;DNa06_R:10;DNa13_R:10;DNa11_R:9;DNge006_R:6;DNp15_R:5;DNge007_R:3;DNg89_R:3;DNg75_R:3,0.23,0,OA-VUMa1_C:6
AN_GNG_PRW:left,ascending,left,5,200,1,0,0,11,0,0,0,0,0,0,0,0,22,0,0,0,0,0,0,0,0,0,0,0,6.0,4.0,0,0,2,1,1,3,2,2,2,1,2,4,2,2,DNa02_L:22;DNa13_L:22;DNg88_L:20,0.00,0,
AN_GNG_PRW:right,ascending,right,5,200,1,0,0,0,12,0,0.5,0,0,0,0,0,0,23,0,0,0,0,0,0,0,0.5,0,0,23,5.0,0,0,2,1,1,3,2,2,2,1,1,3,2,3,DNg88_R:33;DNa13_R:30;DNa02_R:23;DNge026_R:16;DNg13_R:8;DNpe023_R:5;DNge033_R:1;DNge006_R:1;DNg75_R:1;DNa16_R:1;DNa11_R:1;DNa06_R:1;MDN_R:0,0.00,0,
AN_GNG_SAD:left,ascending,left,41,200,1,0.7,0,0,0.5,0,0,0,0,0,0,1.0,0,0,0,0,2.0,0,0,0,0,0,0,0,262,51,0,0,1,1,1,2,1,2,1,2,2,2,2,2,DNg68_R:91;DNpe030_L:71;DNge142_L:69;DNge129_L:69;DNg65_L:66;DNge131_R:63;DNge139_L:56;DNge082_L:52;DNge037_L:52;DNde001_L:52;DNpe030_R:50;DNg65_R:48;DNge038_R:46;DNde006_L:46;DNge142_R:44;DNge129_R:43;DNg31_L:43;DNg102_L:40;DNge050_L:22;DNg70_R:21,0.00,0,
AN_GNG_SAD:right,ascending,right,45,200,1,0,0,0,0,0,0,0,0,5.5,0,0,0,0,0,0,0,0,0,0,0,0,0,0,358,52,0,0,1,2,1,2,1,2,1,2,2,2,1,2,DNg68_L:100;DNpe030_R:86;DNge129_R:86;DNg65_R:71;DNge142_R:70;DNge129_L:67;DNge139_R:65;DNpe007_R:62;DNg65_L:58;DNg31_R:57;DNg22_R:55;DNge131_L:53;DNge038_R:53;DNpe049_L:50;DNg98_R:50;DNpe030_L:49;DNge048_L:49;DNge047_R:49;DNg102_R:49;DNg70_L:25,0.00,0,
AN_GNG_SPS:left,ascending,left,2,200,1,0,0,0,0,0,0,0,0,0,0,0,0,0,0,0,0,0,0,0,0,0,0,0,4.0,2.5,0,0,1,2,2,2,2,3,2,3,4,4,3,3,DNge049_R:22;DNge049_L:16;DNge119_R:10,0.00,0,
AN_GNG_SPS:right,ascending,right,2,200,1,0,0,0,0,0,0,0,0,0,0,0,0,0,0,0,0,0,0,0,0,0,0,0,6.5,0.5,0,0,2,2,2,2,2,3,2,2,2,3,3,3,DNge049_R:11;DNge119_R:5;DNge049_L:5;DNa16_L:1,0.00,0,
AN_GNG_VES:left,ascending,left,19,200,1,11,12,9.5,20,0,0,0,0,17,0,22,19,18,0,0,33,37,0,0,0,0,0,0,154,38,0,0,1,1,2,2,2,2,1,1,2,3,2,2,DNb08_L:58;DNge129_L:57;DNg52_L:43;DNae007_R:40;DNg16_R:39;DNg97_R:37;DNg75_L:36;DNd02_L:36;DNge062_L:35;DNg97_L:33;DNg13_L:33;DNge060_L:32;DNbe007_L:31;DNae005_L:26;DNg16_L:25;DNge101_L:24;DNge040_R:24;DNg13_R:23;DNa01_R:22;DNg34_R:11,2.47,3.0,OA-ASM3_L:50;OA-ASM2_L:38;OA-ASM2_R:14;OA-ASM3_R:6
AN_GNG_VES:right,ascending,right,18,200,1,13,9.3,31,1.0,0,0,0,0,20,33,0,29,2.0,1.0,1.0,38,27,0,0,0,0,0,0,599,46,2410,0,1,1,2,2,1,2,1,1,2,3,2,2,DNge060_R:72;DNb08_R:56;DNge034_R:46;DNge062_R:41;DNge008_R:41;DNg97_L:38;DNge125_R:35;DNbe007_R:35;DNge037_R:34;DNg16_R:34;DNge129_L:33;DNge103_R:33;DNa01_L:33;DNg13_L:31;DNge046_L:30;DNge046_R:27;DNa02_L:19;DNg97_R:17;DNg75_R:14;DNde005_L:14,2.37,5.5,OA-ASM2_R:24;OA-ASM3_R:18;OA-VUMa6_C:18;OA-VUMa8_C:18;OA-VUMa1_C:14
AN_GNG_WED:left,ascending,left,4,200,1,0,0,12,1.0,0,0,0,0,10,23,2.0,0,0,0,0,0,0,0,0,0,0,0,0,128,16,0,0,1,1,2,2,2,1,2,1,2,2,2,2,DNge054_L:90;DNge042_L:56;DNge031_L:56;DNge049_R:50;DNg31_L:36;DNge049_L:34;DNge141_L:28;DNg13_L:27;DNge127_L:26;DNg96_L:23;DNa01_L:23;DNge062_L:20;DNg37_R:18;DNge101_L:11;DNg105_L:10;DNge041_L:9;DNp35_L:8;DNge124_L:7;DNb08_L:4;DNge147_L:3,0.00,0,
AN_GNG_WED:right,ascending,right,4,200,1,0,0,1.5,18,0,0,0,0,3.5,0,36,3.0,0,0,0,0,0,0,0,0,0,0,0,295,30,0,0,1,1,1,2,2,2,2,1,2,3,2,2,DNge054_R:79;DNge141_R:72;DNg31_R:61;DNge049_R:58;DNge031_R:57;DNge042_R:54;DNge049_L:38;DNge101_R:37;DNa01_R:36;DNg13_R:34;DNg16_R:33;DNg96_R:26;DNge026_R:23;DNge018_R:23;DNge041_R:21;DNge036_R:19;DNbe001_R:16;DNg75_R:13;DNg43_R:13;DNge124_R:10,1.65,4.0,OA-VUMa1_C:24;OA-VUMa8_C:12;OA-AL2i1_R:10;OA-VUMa3_C:4;OA-AL2i1_L:4
AN_IPS_GNG:left,ascending,left,18,200,1,15,19,65,18,5.0,0.5,0,0,0,11,35,119,2.0,44,51,0,5.0,0,0,5.0,0.5,0,0,1032,44,1180,0,1,1,1,2,2,2,1,1,2,3,3,3,DNge141_L:132;DNge086_L:120;DNa02_L:119;DNa16_L:74;DNae002_L:61;DNg34_R:60;DNge127_L:57;DNg41_L:52;DNg100_R:51;DNg111_L:50;DNa11_R:48;DNge033_L:47;DNa06_L:46;DNg75_L:45;DNg100_L:44;DNg43_L:42;DNge127_R:40;DNg31_L:37;DNa01_R:22;DNae005_R:19,16.44,16,OA-VUMa1_C:94;OA-AL2b2_L:82;OA-AL2i3_L:76
AN_IPS_GNG:right,ascending,right,19,200,1,21,18,24,69,2.0,3.0,0,0,0,39,29,8.0,109,60,54,2.0,0,0,0,2.0,3.0,0,0,5263,90,244240,1,1,1,2,2,2,2,1,1,2,3,3,3,DNge141_R:152;DNa02_R:109;DNg41_R:71;DNge086_R:68;DNg34_R:66;DNge127_R:62;DNg100_L:60;DNge127_L:58;DNg43_R:57;DNg31_R:57;DNg111_R:55;DNg34_L:54;DNg100_R:54;DNg16_R:49;DNg13_R:45;DNb05_R:37;DNb05_L:37;DNa16_R:32;DNge006_R:29;DNge033_R:28,25.81,22,OA-VUMa1_C:128;OA-AL2b2_R:88;OA-AL2i3_R:82
AN_IPS_LAL:left,ascending,left,3,200,1,0,0.3,4.5,26,0.5,0.5,0,0,0,0,38,9.0,14,0,0,0,1.0,0,0,0.5,0.5,0,0,668,30,320,0,2,2,2,2,2,3,2,2,2,3,3,4,DNa11_R:68;DNae005_R:46;DNa01_R:38;DNbe001_R:33;DNg13_R:30;DNbe001_L:30;DNa16_L:27;DNa06_R:27;DNge127_R:24;DNb06_R:23;DNb06_L:23;DNpe023_R:20;DNae007_R:19;DNae002_L:17;DNpe014_R:16;DNg04_L:16;DNpe014_L:14;DNae001_R:12;DNa04_L:9;DNa02_R:9,3.60,4.5,OA-VUMa1_C:62;OA-VUMa3_C:16;OA-AL2i1_L:16;OA-AL2i4_L:14
AN_IPS_LAL:right,ascending,right,3,200,1,6.0,6.7,29,30,5.0,5.5,0,0,0,49,16,9.0,44,18,20,0,0,0,0,5.0,5.5,0,0,1042,48,0,0,2,2,2,2,2,3,2,2,2,3,3,4,DNa11_L:53;DNa01_L:49;DNa16_R:47;DNae002_R:46;DNa02_R:44;DNge033_R:39;DNae005_L:39;DNg13_L:37;DNb02_R:31;DNpe056_R:29;DNbe001_L:29;DNa06_R:29;DNge006_R:28;DNb06_R:28;DNpe014_R:27;DNb06_L:27;DNp34_L:26;DNge127_L:26;DNg100_R:15;DNg100_L:13,6.74,7.5,OA-VUMa1_C:98;OA-AL2i1_R:26;OA-VUMa3_C:18;OA-AL2i4_R:14
AN_IPS_WED:left,ascending,left,2,200,1,0,0,1.0,9.5,0,0,0,0,0,0,6.0,2.0,13,0,0,0,0,0,0,0,0,0,0,320,11,0,0,1,2,2,2,2,2,2,2,2,2,3,3,DNa11_R:35;DNa04_L:24;DNbe001_L:21;DNae005_R:17;DNbe001_R:15;DNa06_R:15;DNa02_R:13;DNg13_R:12;DNae002_L:12;DNg32_L:11;DNp26_L:9;DNp35_L:8;DNge006_R:8;DNae001_R:8;DNpe023_R:7;DNp26_R:7;DNg74_a_R:6;DNae007_R:5;DNge033_R:4;DNa01_R:4,4.63,8.0,OA-AL2b2_L:38;OA-AL2i3_L:36;OA-VUMa1_C:24;OA-AL2i3_R:20
AN_IPS_WED:right,ascending,right,2,200,1,0,0,11,0,0,0,0,0,0,7.0,0,15,0,0,0,0,0,0,0,0,0,0,0,192,14,0,0,2,1,2,2,2,2,2,2,2,3,3,3,DNa04_R:37;DNa16_R:30;DNge140_R:21;DNae002_R:19;DNa11_L:19;DNg32_R:18;DNg99_R:15;DNa02_L:15;DNa16_L:13;DNa15_L:13;DNae010_L:12;DNa06_L:9;DNa03_L:9;DNbe001_R:8;DNa01_L:7;DNg13_L:6;DNae005_L:5;DNpe023_L:2;DNp26_R:2;DNpe056_R:1,2.95,6.0,OA-AL2b2_R:30;OA-AL2i3_R:20;OA-VUMa1_C:18
AN_PRW_FLA:left,ascending,left,2,200,1,0,0,0,0,0,0,0,0,0,0,0,0,0,0,0,0,0,0,0,0,0,0,0,0,0,0,0,3,3,3,4,3,3,-1,-1,-1,-1,-1,-1,,0.00,0,
AN_PRW_FLA:right,ascending,right,3,200,1,0,0,0,0,0,0,0,0,0,0,0,0,0,0,0,0,0,0,0,0,0,0,0,5.5,3.0,0,0,3,3,3,3,2,3,3,3,4,5,4,3,DNp58_L:31;DNp58_R:23;DNg28_R:10,0.00,0,
AN_SAD_GNG:left,ascending,left,2,200,1,0,0,0,0,0,0,0,0,0,0,0,0,0,0,0,0,0,0,0,0,0,0,0,0,0,0,0,2,2,2,2,2,2,4,4,6,5,5,6,,0.00,0,
AN_SAD_GNG:right,ascending,right,2,200,1,0,0,0,0,0,0,0,0,0,0,0,0,0,0,0,0,0,0,0,0,0,0,0,0,0,0,0,2,2,2,3,2,2,3,3,4,4,3,4,,0.00,0,
AN_SLP_AVLP:left,ascending,left,2,200,1,0,0,0,0,0,0,0,0,0,0,0,0,0,0,0,0,0,0,0,0,0,0,0,28,0,0,0,2,2,2,2,2,3,2,3,3,2,3,4,DNpe053_L:7,0.00,0,
AN_SLP_AVLP:right,ascending,right,2,200,1,0,0,0,0,0,0,0,0,0,0,0,0,0,0,0,0,0,0,0,0,0,0,0,20,0,0,0,2,2,3,2,3,3,2,3,3,3,3,4,DNp69_R:3,0.00,0,
AN_SMP:left,ascending,left,7,200,1,0,2.0,3.0,8.0,0,0,0,0,0,0,0,6.0,16,0,0,0,6.0,0,0,0,0,0,0,224,7.5,0,0,2,2,2,2,2,3,3,3,3,3,3,3,DNp37_R:65;DNp37_L:45;DNp68_R:21;DNa11_R:17;DNa02_R:16;DNpe053_L:14;DNa11_L:10;DNg75_R:8;DNg13_L:8;DNa06_R:8;DNge006_R:7;DNge033_R:6;DNg97_R:6;DNa16_R:6;DNa02_L:6;DNp68_L:4;DNge053_R:3;DNge053_L:3;DNg75_L:2;DNb08_R:2,0.00,0,
AN_SMP:right,ascending,right,2,200,1,0,1.7,1.0,6.5,0,0,0,0,0,0,0,2.0,13,0,0,0,5.0,0,0,0,0,0,0,180,5.5,0,0,2,2,2,3,2,3,2,3,3,3,3,4,DNp37_R:66;DNp37_L:45;DNa11_R:13;DNa02_R:13;DNp68_R:12;DNpe053_L:9;DNg13_L:6;DNa11_L:6;DNg97_R:5;DNg75_R:5;DNa06_R:5;DNge033_R:3;DNge006_R:3;DNa16_R:3;DNg16_R:2;DNg16_L:2;DNb08_R:2;DNa02_L:2;DNge050_L:1;DNge046_R:1,0.00,0,
AN_SPS_IPS:left,ascending,left,8,200,1,0,5.0,0,0,0,0,0,0,0,0,0,0,0,0,0,0,15,0,0,0,0,0,0,138,22,0,0,2,2,2,2,2,1,2,2,3,3,3,1,DNpe032_L:71;DNp19_L:63;DNge043_L:48;DNp102_L:43;DNg49_L:38;DNpe017_L:36;DNpe027_L:30;DNg13_L:29;DNpe014_L:28;DNb05_L:28;DNp19_R:25;DNp10_L:19;DNge088_L:17;DNpe013_L:15;DNp41_L:15;DNg97_R:15;DNge140_L:14;DNg99_L:10;DNg11_L:9;DNpe004_L:5,0.00,0,
AN_SPS_IPS:right,ascending,right,8,200,1,5.3,1.3,0,0.5,0,0,0,0,0,0,0,0,1.0,4.0,4.0,12,0,0,0,0,0,0,0,180,30,0,0,2,2,2,2,2,1,2,2,2,3,4,1,DNp19_R:57;DNge043_R:55;DNpe032_R:41;DNpe017_R:37;DNg99_R:37;DNpe014_R:36;DNpe013_R:32;DNp41_R:32;DNp40_R:31;DNpe019_R:29;DNp102_R:28;DNpe027_R:26;DNg90_R:25;DNg11_R:19;DNb05_R:19;DNg18_a_R:18;DNa16_L:18;DNp51_R:15;DNge141_R:15;DNg16_R:8,0.09,0,OA-AL2i4_R:6
AN_VES_GNG:left,ascending,left,9,200,1,20,0,2.5,42,0.5,0,0,0,4.0,0,28,5.0,55,0,0,59,0,0,0,0.5,0,0,0,318,60,0,0,1,1,1,2,2,2,2,1,2,3,2,2,DNbe007_L:81;DNg39_L:78;DNge054_L:74;DNg35_L:71;DNp56_L:70;DNb05_L:66;DNg97_L:59;DNge083_L:56;DNg102_L:55;DNa02_R:55;DNge101_L:54;DNge037_L:52;DNae007_L:51;DNpe002_L:47;DNg13_R:47;DNg13_L:47;DNpe022_L:43;DNpe053_L:38;DNge125_L:38;DNge129_L:21,0.02,0,OA-AL2i1_R:2
AN_VES_GNG:right,ascending,right,9,200,1,0,8.3,34,1.0,0,0,0,0,1.5,22,0,46,2.0,0,0,0,25,0,0,0,0,0,0,195,48,0,0,1,2,1,2,2,1,2,2,1,3,2,2,DNp56_R:95;DNbe007_R:94;DNg39_R:82;DNge037_R:78;DNb05_R:76;DNge054_R:75;DNge101_R:74;DNg35_R:69;DNge125_R:59;DNg13_R:58;DNpe003_R:57;DNge041_R:55;DNpe002_R:54;DNg102_R:50;DNge129_R:50;DNa02_L:46;DNge083_R:45;DNp31_R:44;DNge129_L:43;DNge069_R:42,0.00,0,
AN_VES_WED:left,ascending,left,3,200,1,11,13,24,24,0,0,0,0,0,20,4.0,27,44,13,13,19,26,0,0,0,0,0,0,191,40,0,0,1,2,1,2,2,2,2,2,2,3,2,2,DNg13_L:61;DNp56_L:46;DNb05_L:44;DNa02_R:44;DNb08_L:38;DNge018_L:35;DNae005_L:35;DNg39_L:33;DNbe007_L:33;DNpe003_L:30;DNg111_L:28;DNa02_L:27;DNg97_R:26;DNge083_L:25;DNp10_L:24;DNa06_R:20;DNa01_L:20;DNg97_L:19;DNg49_L:19;DNge037_L:12,0.00,0,
AN_VES_WED:right,ascending,right,3,200,1,11,8.3,18,24,0,0,0,0,0,1.0,15,36,34,15,17,19,8.0,0,0,0,0,0,0,191,43,0,0,1,1,1,2,2,2,1,2,2,3,2,2,DNge018_R:56;DNp56_R:54;DNb08_R:50;DNb05_R:49;DNg39_R:45;DNg13_R:45;DNbe007_R:43;DNpe003_R:42;DNae005_R:36;DNa02_L:36;DNa02_R:34;DNg16_R:33;DNg111_R:33;DNge083_R:31;DNge013_R:25;DNg16_L:25;DNpe022_R:22;DNp31_R:22;DNge125_R:20;DNge037_R:15,0.58,1.5,OA-VUMa8_C:18;OA-VUMa1_C:12
AN_WED_GNG:left,ascending,left,3,200,1,0,0,0,0,0,0,0,0,0,0,0,0,0,0,0,0,0,0,0,0,0,0,0,24,2.0,0,0,2,2,2,3,2,2,2,2,2,3,3,3,DNbe007_L:23;DNb05_L:23;DNpe053_L:2;DNge037_L:2,0.00,0,
AN_WED_GNG:right,ascending,right,3,200,1,0,0,0,0,0,0,0,0,0,0,0,0,0,0,0,0,0,0,0,0,0,0,0,6.0,0,0,0,2,2,2,2,2,2,2,2,2,3,3,3,,0.00,0,
AN_multi:left,ascending,left,136,200,1,8.0,1.7,16,3.0,11,11,0,0,1.5,0,0,33,6.0,0,0,24,5.0,0,0,11,11,0,0,1890,113,0,0,1,1,1,2,1,1,1,1,1,2,1,2,DNge047_L:118;DNp102_L:111;DNge054_L:106;DNg102_L:102;DNge129_L:92;DNpe053_L:91;DNge141_L:84;DNge083_L:83;DNpe013_L:79;DNg70_L:77;DNge135_L:74;DNge049_L:74;DNp32_L:72;DNg35_L:69;DNpe027_L:65;DNp18_L:65;DNge140_L:63;DNge049_R:62;DNae002_L:31;DNp08_L:29,14.37,16,OA-VUMa8_C:86;OA-AL2i1_R:58;OA-AL2i1_L:58;OA-VUMa6_C:56;OA-VUMa1_C:54
AN_multi:right,ascending,right,139,200,1,2.0,17,17,8.5,5.5,4.0,0,0,0,6.0,0,28,17,0,0,6.0,50,0,0,5.5,4.0,0,0,9714,149,474630,1,1,1,1,1,1,1,1,1,1,2,2,2,DNb05_L:139;DNb05_R:134;DNge054_R:125;DNp102_R:119;DNge047_R:118;DNge049_L:108;DNg35_R:105;DNge049_R:99;DNge141_R:97;DNg102_R:97;DNg56_R:94;DNp32_R:91;DNge140_R:91;DNc01_R:86;DNge013_R:83;DNpe013_R:81;DNg104_L:81;DNge083_R:78;DNp32_L:35;DNp12_R:35,37.77,30,OA-VUMa2_C:142;OA-VUMa1_C:114;OA-VUMa5_C:112;OA-VUMa8_C:100
AN_AVLP_28:left,ascending,left,4,200,1,0,0,0,0,0,0,0,0,0,0,0,0,0,0,0,0,0,0,0,0,0,0,0,2.0,0,0,0,2,2,2,2,2,3,4,4,5,5,4,5,DNp12_L:4;DNg108_R:3;DNg108_L:3,0.00,0,
AN_AVLP_28:right,ascending,right,4,200,1,0,0,0,0,0,0,0,0,0,0,0,0,0,0,0,0,0,0,0,0,0,0,0,6.0,4.0,0,0,2,3,3,2,2,3,3,3,3,2,4,4,DNp12_R:52;DNp73_R:21;DNg108_R:11;DNge145_R:5;DNge113_R:4,0.00,0,
AN_AVLP_48:left,ascending,left,3,200,1,0,0,0,0,0,0,0,0,0,0,0,0,0,0,0,0,0,0,0,0,0,0,0,7.5,0,0,0,3,2,2,2,3,3,3,3,3,3,4,4,,0.00,0,
AN_AVLP_48:right,ascending,right,6,200,1,0,0,0,0,0,0,0,0,0,0,0,0,0,0,0,0,0,0,0,0,0,0,0,22,0,0,0,2,2,3,2,3,3,3,3,3,3,4,4,DNp06_L:1,0.00,0,
AN_AVLP_51:left,ascending,left,7,200,1,0,0,0,0,0,0,0,0,0,0,0,0,0,0,0,0,0,0,0,0,0,0,0,32,0,0,0,2,2,2,2,2,3,2,3,3,3,4,4,,0.00,0,
AN_AVLP_51:right,ascending,right,10,200,1,2.3,2.3,0,0,0,0,0,0,0,0,0,0,0,4.0,4.0,3.0,3.0,0,0,0,0,0,0,88,0,0,0,2,2,2,2,2,3,2,3,3,2,3,4,DNg100_R:4;DNg100_L:4;DNge050_R:3;DNge050_L:3;DNge035_L:3;DNg97_R:3;DNg97_L:3;DNg16_R:2;DNge046_R:1;DNge018_R:1;DNge004_R:1;DNge004_L:1;DNg96_R:1;DNg16_L:1;DNb08_R:1;DNge046_L:0,0.00,0,
AN_AVLP_53:left,ascending,left,15,200,1,0,0,0,0,0,0,0,0,0,0,0,0,0,0,0,0,0,0,0,0,0,0,0,48,2.5,0,0,2,2,2,2,2,2,3,3,3,2,4,4,DNp12_L:79;DNge140_L:11;DNp06_L:9,0.00,0,
AN_AVLP_53:right,ascending,right,12,200,1,0,0,0,0,0,0,0,0,0,0,0,0,0,0,0,0,0,0,0,0,0,0,0,64,3.5,0,0,2,2,2,2,2,2,2,3,3,2,3,4,DNp12_R:96;DNp73_R:49;DNge140_R:12;DNg81_L:10,0.00,0,
AN_AVLP_GNG_23:left,ascending,left,7,200,1,0,0,0,0,0,0,0,0,0,0,0,0,0,0,0,0,0,0,0,0,0,0,0,0,0,0,0,-1,-1,-1,-1,-1,-1,-1,-1,-1,-1,-1,-1,,0.00,0,
AN_AVLP_GNG_23:right,ascending,right,8,200,1,0,0,0,0,0,0,0,0,0,0,0,0,0,0,0,0,0,0,0,0,0,0,0,0,0,0,0,-1,-1,-1,-1,-1,-1,-1,-1,-1,-1,-1,-1,,0.00,0,
AN_GNG_162:left,ascending,left,4,200,1,0,0,25,0,0,0,0,0,47,0,0,50,0,0,0,0,0,0,0,0,0,0,0,209,40,0,0,2,2,2,3,2,1,2,2,2,3,3,2,DNge174_L:67;DNge059_L:62;DNge080_L:58;DNge059_R:55;DNg47_L:55;DNde007_R:51;DNa02_L:50;DNge106_L:38;DNge031_L:37;DNde002_L:34;DNge062_L:30;DNpe023_L:25;DNge031_R:24;DNge007_R:24;DNa13_L:24;DNge173_L:12;DNge080_R:12;DNge007_L:12;DNa16_L:12;DNge042_L:11,0.00,0,
AN_GNG_162:right,ascending,right,4,200,1,0,0,0,18,0,0,0,0,50,0,0,0,36,0,0,0,0,0,0,0,0,0,0,178,32,0,0,2,2,2,2,2,2,2,2,2,3,3,2,DNge059_R:68;DNge080_R:64;DNge174_R:59;DNge059_L:56;DNge023_R:49;DNge007_R:43;DNg47_R:39;DNge031_L:38;DNde007_L:38;DNa02_R:36;DNge031_R:33;DNde002_R:33;DNge062_R:29;DNge080_L:25;DNg38_R:25;DNge106_L:24;DNge106_R:22;DNge062_L:19;DNge018_R:17;DNge051_R:10,0.00,0,
AN_GNG_164:left,ascending,left,5,200,1,0,0,0,0,0,0,0,0,0,0,0,0,0,0,0,0,0,0,0,0,0,0,0,20,5.0,0,0,2,2,2,2,1,2,2,2,3,3,1,3,DNg74_a_L:37;DNg74_a_R:36;DNg74_b_L:25;DNg74_b_R:14;DNg108_L:13;DNge053_L:1;DNg96_R:1,0.00,0,
AN_GNG_164:right,ascending,right,6,200,1,0,0,0,0,0,0,0,0,0,0,0,0,0,0,0,0,0,0,0,0,0,0,0,26,6.0,0,0,1,2,2,3,1,2,2,3,3,3,1,3,DNg74_a_R:38;DNg74_a_L:38;DNg74_b_R:35;DNg74_b_L:30;DNge053_R:15;DNg108_R:12;DNge068_R:6;DNg108_L:4,0.00,0,
AN_GNG_165:left,ascending,left,16,200,1,0,0,0,0,0,0,0,0,0,0,0,0,0,0,0,0,0,0,0,0,0,0,0,22,6.0,0,0,1,2,2,2,2,2,2,2,2,4,2,3,DNge037_L:56;DNg39_L:36;DNge047_L:26;DNge037_R:19;DNge036_R:12;DNge036_L:11;DNg81_R:3;DNg15_R:1,0.00,0,
AN_GNG_165:right,ascending,right,22,200,1,0,0.3,0,0,0,0,0,0,0,0,0,0,0,0,0,0,1.0,0,0,0,0,0,0,83,16,0,0,1,2,2,2,2,2,3,2,2,3,2,3,DNge037_R:53;DNp42_R:33;DNge129_L:29;DNge047_R:29;DNge142_R:25;DNg35_R:25;DNge036_L:23;DNge036_R:22;DNg81_L:22;DNge037_L:20;DNg108_R:20;DNge056_L:18;DNge003_R:15;DNp42_L:11;DNge003_L:10;DNge129_R:9;DNge046_L:9;DNg39_R:9;DNg78_R:7;DNg15_L:5,0.00,0,
AN_GNG_166:left,ascending,left,4,200,1,0,0,0,0,0,0,0,0,0,0,0,0,0,0,0,0,0,0,0,0,0,0,0,0,0,0,0,2,2,2,2,2,2,3,3,3,3,3,4,,0.00,0,
AN_GNG_166:right,ascending,right,7,200,1,0,0,0,0,0,0,0,0,0,0,0,0,0,0,0,0,0,0,0,0,0,0,0,4.5,1.5,0,0,2,2,2,2,2,2,3,3,3,3,4,4,DNg108_R:42;DNg108_L:10,0.00,0,
AN_GNG_167:left,ascending,left,5,200,1,0,0,0,0,0,0,0,0,0,0,0,0,0,0,0,0,0,0,0,0,0,0,0,8.0,1.0,0,0,2,2,2,2,2,2,3,3,3,3,2,3,DNp42_R:22;DNge079_R:6;DNg68_R:5;DNpe007_R:4,0.00,0,
AN_GNG_167:right,ascending,right,5,200,1,0,0,0,0,0,0,0,0,0,0,0,0,0,0,0,0,0,0,0,0,0,0,0,6.0,1.0,0,0,2,2,2,2,2,2,3,3,3,3,2,3,DNp42_R:16;DNp42_L:2,0.00,0,
AN_GNG_172:left,ascending,left,11,200,1,0,0,0,0,0,0,0,0,0,0,0,0,0,0,0,0,0,0,0,0,0,0,0,0,0,0,0,2,2,3,3,1,2,3,3,4,4,3,4,,0.00,0,
AN_GNG_172:right,ascending,right,5,200,1,0,0,0,0,0,0,0,0,0,0,0,0,0,0,0,0,0,0,0,0,0,0,0,1.0,0,0,0,2,2,2,3,1,3,3,2,3,3,2,3,,0.00,0,
AN_GNG_175:left,ascending,left,11,200,1,0,0,0,0,0,0,0,0,0,0,0,0,0,0,0,0,0,0,0,0,0,0,0,1.5,0,0,0,2,2,2,3,1,1,3,3,4,3,3,4,,0.00,0,
AN_GNG_175:right,ascending,right,16,200,1,0,0,0,0,0,0,0,0,0,0,0,0,0,0,0,0,0,0,0,0,0,0,0,36,1.0,0,0,2,2,2,3,1,1,2,2,3,3,1,3,DNpe013_R:16;DNg05_a_R:8;DNg90_R:5;DNg71_R:1,0.00,0,
AN_GNG_179:left,ascending,left,4,200,1,0,0,0,0,0,0,0,0,0,0,0,0,0,0,0,0,0,0,0,0,0,0,0,0,0,0,0,2,2,3,3,2,2,3,2,3,4,4,4,,0.00,0,
AN_GNG_179:right,ascending,right,4,200,1,0,0,0,0,0,0,0,0,0,0,0,0,0,0,0,0,0,0,0,0,0,0,0,118,8.5,0,0,2,2,3,2,3,3,3,2,3,4,3,4,DNb06_R:19;DNa16_L:19;DNb06_L:17;DNpe014_R:12;DNp40_R:11;DNbe001_R:10;DNa11_R:10;DNpe017_R:9;DNpe017_L:8;DNbe001_L:8;DNpe014_L:8;DNp18_L:5;DNpe019_L:3;DNp18_R:2;DNp51_R:1;DNp15_L:1,0.91,0,OA-AL2b2_L:8;OA-VUMa1_C:8;OA-AL2i3_L:8
AN_GNG_187:right,ascending,right,9,200,1,0,0,0,0,0,0,0,0,0,0,0,0,0,0,0,0,0,0,0,0,0,0,0,8.0,5.0,0,0,2,2,2,3,2,2,3,3,3,4,2,3,DNg74_b_L:76;DNg74_b_R:72;DNg74_a_R:49;DNg108_L:41;DNg74_a_L:20;DNg93_L:2,0.00,0,
AN_GNG_197:left,ascending,left,6,200,1,0,0,0,0,0,0,0,0,0,0,0,0,0,0,0,0,0,0,0,0,0,0,0,0,0,0,0,-1,-1,-1,-1,-1,-1,-1,-1,-1,-1,-1,-1,,0.00,0,
AN_GNG_197:right,ascending,right,9,200,1,0,0,0,0,0,0,0,0,0,0,0,0,0,0,0,0,0,0,0,0,0,0,0,0,0,0,0,-1,-1,-1,-1,-1,-1,-1,-1,-1,-1,-1,-1,,0.00,0,
AN_GNG_69:left,ascending,left,5,200,1,0,0,0,0,0,0,0,0,0,0,0,0,0,0,0,0,0,0,0,0,0,0,0,1.5,0,0,0,2,2,2,3,2,2,3,2,3,3,2,3,DNge132_L:4,0.00,0,
AN_GNG_69:right,ascending,right,6,200,1,0,0,0,0,0,0,0,0,0,0,0,0,0,0,0,0,0,0,0,0,0,0,0,2.0,0,0,0,3,2,2,3,2,2,3,3,2,3,2,3,DNge132_R:6;DNg15_L:3,0.00,0,
AN_GNG_IPS_19:left,ascending,left,5,200,1,0,0,0,0,0,0,0,0,0,0,0,0,0,0,0,0,0,0,0,0,0,0,0,0,0,0,0,2,2,2,3,2,3,4,3,4,4,4,6,,0.00,0,
AN_GNG_IPS_19:right,ascending,right,5,200,1,0,0,0,0,0,0,0,0,0,0,0,0,0,0,0,0,0,0,0,0,0,0,0,2.5,0,0,0,2,2,3,3,2,2,4,3,3,3,4,5,,0.00,0,
AN_GNG_SAD_32:left,ascending,left,4,200,1,1.0,1.3,0,0,0,0,0,0,0,0,0,0,0,3.0,4.0,0,0,0,0,0,0,0,0,60,7.0,0,0,1,1,2,2,2,2,2,2,2,3,3,2,DNg31_L:49;DNg43_L:36;DNge050_L:29;DNge037_L:25;DNge050_R:18;DNg16_R:13;DNg16_L:12;DNge035_R:4;DNge035_L:4;DNg100_R:4;DNge131_R:3;DNge018_R:3;DNge004_R:3;DNge004_L:3;DNg74_a_R:3;DNg74_a_L:3;DNg100_L:3;DNge046_R:2;DNg96_R:2;DNg105_L:2,0.00,0,
AN_GNG_SAD_32:right,ascending,right,4,200,1,0.7,0.7,0,0,0,0,0,0,0,0,0,0,0,2.0,2.0,0,0,0,0,0,0,0,0,64,12,0,0,1,2,2,2,2,2,2,2,2,3,3,3,DNg31_R:64;DNg16_R:48;DNge050_R:29;DNg43_R:23;DNg16_L:22;DNge037_R:16;DNge135_R:14;DNge004_L:13;DNg96_R:13;DNge050_L:11;DNge018_R:11;DNge004_R:10;DNg96_L:7;DNge123_R:6;DNge131_L:4;DNge046_L:4;DNge046_R:3;DNge037_L:2;DNge018_L:2;DNg100_R:2,0.00,0,
AN_IPS_GNG_6:left,ascending,left,7,200,1,0,0,0,0,0,0,0,0,0,0,0,0,0,0,0,0,0,0,0,0,0,0,0,4.5,1.0,0,0,2,2,3,3,2,3,3,3,4,4,4,5,DNae003_L:24;DNge109_L:1;DNge114_L:0,0.00,0,
AN_IPS_GNG_6:right,ascending,right,6,200,1,0,0,0,0,0,0,0,0,0,0,0,0,0,0,0,0,0,0,0,0,0,0,0,3.5,0,0,0,2,2,2,3,2,2,3,3,3,4,4,4,,0.00,0,
AN_IPS_GNG_7:left,ascending,left,6,200,1,13,19,76,12,0,0,0,0,0,27,24,126,0,39,48,0,9.0,0,0,0,0,0,0,5079,88,238190,1,1,1,1,2,2,2,1,1,2,3,3,3,DNge141_L:137;DNa02_L:126;DNge086_L:119;DNb05_L:72;DNg34_R:67;DNg111_L:65;DNb05_R:63;DNg13_L:57;DNg31_L:48;DNa16_L:35;DNge037_R:34;DNge037_L:33;DNg35_R:33;DNp32_L:32;DNg100_R:30;DNp31_R:29;DNbe007_R:29;DNp31_L:28;DNc01_R:28;DNbe007_L:28,27.09,20,OA-VUMa2_C:126;OA-VUMa1_C:114;OA-VUMa5_C:100;OA-AL2b2_L:74;OA-AL2i3_L:66
AN_IPS_GNG_7:right,ascending,right,6,200,1,26,22,18,70,0,0,0,0,0,32,33,5.0,107,69,65,8.0,0,0,0,0,0,0,0,1423,70,6000,0,1,1,2,2,2,2,1,1,2,3,3,3,DNge141_R:141;DNa02_R:107;DNg100_L:69;DNg41_R:68;DNg100_R:65;DNg34_R:62;DNg43_R:59;DNge086_R:57;DNge127_L:53;DNg111_R:53;DNg16_R:52;DNa16_R:51;DNg34_L:49;DNg31_R:46;DNg13_R:45;DNge018_R:41;DNge033_R:40;DNge127_R:22;DNge006_R:22;DNa06_R:22,18.74,18,OA-VUMa1_C:118;OA-AL2i3_R:70;OA-AL2b2_R:68
AN_multi_124:left,ascending,left,3,200,1,0,0,0,0,0,0,0,0,0,0,0,0,0,0,0,0,0,0,0,0,0,0,0,0,0,0,0,2,2,3,2,3,2,4,4,5,3,4,4,,0.00,0,
AN_multi_124:right,ascending,right,7,200,1,0,0,0,0,0,0,0,0,0,0,0,0,0,0,0,0,0,0,0,0,0,0,0,6.5,0,0,0,2,2,2,1,2,2,2,2,3,3,2,3,DNge005_L:6;DNg26_L:0,0.00,0,
all_touch:left,combo_touch,left,1597,200,1,0.7,0,9.0,1.5,0,0.5,0,15,0,0,3.0,18,0,0,0,2.0,0,0,0,0,0.5,0,0,2172,242,1870,0,2,2,2,1,1,1,2,2,2,1,1,2,DNg84_L:276;DNg35_L:268;DNg15_R:257;DNge132_L:255;DNg85_L:248;DNg48_R:248;DNge036_L:236;DNg87_L:225;DNg37_R:209;DNge104_R:201;DNge067_L:199;DNge133_L:190;DNge054_L:190;DNg57_L:181;DNge056_R:179;DNg81_R:179;DNge122_R:171;DNge065_L:171;DNg59_L:170;DNge121_L:161,10.21,11,OA-AL2b2_L:54;OA-AL2i1_R:48;OA-AL2i3_L:48;OA-AL2i3_R:44;OA-AL2i1_L:38
all_touch:right,combo_touch,right,1640,200,1,0,0,5.0,6.5,0,1.0,4.5,11,54,5.0,0,5.0,13,0,0,0,0,0,0,0,1.0,0,9.0,5826,232,238930,1,2,2,2,1,1,1,2,2,2,1,2,1,DNg35_R:263;DNg84_R:260;DNge132_R:245;DNg15_L:231;DNg87_R:222;DNg85_R:198;DNg48_L:189;DNg81_L:185;DNge122_L:184;DNge104_L:181;DNge054_R:177;DNg29_R:166;DNg57_R:157;DNge133_R:156;DNge011_R:152;DNge067_R:151;DNg15_R:150;DNg59_R:141;DNge122_R:139;DNge121_R:135,14.19,18,OA-VUMa2_C:88;OA-VUMa5_C:68;OA-AL2b2_R:56;OA-AL2i3_R:46;OA-AL2i1_R:42
all_touch:both,combo_touch,both,3237,200,1,0,0,0,0,0,1.5,0,27,0,0,0,0,0,0,0,0,0,0,0,0,1.5,0,0,3048,337,6600,0,2,2,2,1,1,1,2,2,2,1,1,1,DNg84_L:281;DNg35_L:272;DNg15_R:269;DNg84_R:263;DNg35_R:262;DNge132_L:256;DNg48_R:250;DNge132_R:247;DNg85_L:246;DNg15_L:244;DNge036_L:238;DNg87_R:238;DNg87_L:232;DNg37_R:210;DNg81_L:208;DNge122_L:206;DNge104_R:203;DNge067_L:202;DNg85_R:202;DNg81_R:200,15.91,15,OA-AL2b2_R:66;OA-AL2i3_R:64;OA-AL2b2_L:58;OA-AL2i1_R:56;OA-AL2i1_L:56
body+headbristle+JOwind:left,combo_touch,left,592,200,1,0,0,9.5,6.5,0,0,0,4.8,0,0,13,19,0,0,0,0,0,0,0,0,0,0,0,1108,176,1830,0,2,2,2,1,1,1,2,2,2,2,1,2,DNg48_R:233;DNge036_L:232;DNg85_L:228;DNg15_R:227;DNg35_L:222;DNg84_L:217;DNg37_R:203;DNge132_L:199;DNge067_L:180;DNge056_R:169;DNge065_L:166;DNge104_R:158;DNg57_L:158;DNg59_L:151;DNge100_L:145;DNg87_L:142;DNg15_L:136;DNge057_R:135;DNge121_L:133;DNge037_L:68,5.02,10,OA-AL2i1_R:28;OA-AL2b2_L:28;OA-AL2i3_L:26;OA-AL2i1_L:24
body+headbristle+JOwind:right,combo_touch,right,689,200,1,0,0,1.0,7.0,0,0,0,1.0,0,2.0,0,0,14,0,0,0,0,0,0,0,0,0,0,980,134,0,0,2,2,2,1,1,2,2,2,2,2,2,2,DNg35_R:205;DNg84_R:198;DNg15_L:193;DNge132_R:188;DNg85_R:159;DNg48_L:158;DNg15_R:156;DNg81_L:145;DNge122_L:142;DNg87_R:140;DNg57_R:133;DNg59_R:128;DNge104_L:126;DNge054_R:123;DNge041_R:112;DNge065_R:110;DNg84_L:110;DNp73_R:109;DNge067_R:107;DNge036_R:57,2.95,8.0,OA-AL2b2_R:28;OA-AL2i3_R:16;OA-VUMa1_C:14;OA-AL2i1_L:12
all_ascending:left,combo_touch,left,838,200,1,29,17,66,18,11,5.5,0,2.3,0,0,27,132,9.0,0,0,86,51,2.0,0,11,5.5,0,0,7390,252,234050,1,1,1,1,1,1,1,1,1,1,1,1,1,DNge141_L:166;DNge047_L:157;DNge054_L:146;DNpe056_L:144;DNp102_L:137;DNg49_L:137;DNg55_C:133;DNg102_L:132;DNa02_L:132;DNp13_L:129;DNge129_L:127;DNg13_L:125;DNpe053_L:121;DNge083_L:119;DNge131_R:117;DNp56_L:115;DNge096_L:113;DNpe013_L:108;DNp12_L:106;DNb05_L:65,48.28,31,OA-VUMa1_C:158;OA-VUMa8_C:128;OA-AL2b2_L:126
all_ascending:right,combo_touch,right,898,200,1,14,15,7.5,49,12,14,0,5.0,7.0,0,0,15,98,0,0,42,45,0,0,12,14,0,0,11578,284,479080,1,1,1,1,1,1,1,1,1,1,1,1,1,DNge141_R:188;DNge054_R:168;DNpe056_R:161;DNge047_R:158;DNb05_R:152;DNb05_L:150;DNp12_R:143;DNg102_R:137;DNp56_R:132;DNge129_L:131;DNp102_R:130;DNge131_L:130;DNge083_R:129;DNpe013_R:128;DNge129_R:122;DNp13_R:121;DNge139_R:113;DNg99_R:113;DNge142_R:59;DNg55_C:58,59.91,33,OA-VUMa1_C:178;OA-VUMa2_C:152;OA-VUMa8_C:136
